timeStamp;elapsed;label;responseCode;responseMessage;threadName;dataType;success;failureMessage;bytes;grpThreads;allThreads;URL;Filename;Latency;Encoding;SampleCount;ErrorCount;Hostname
1291299474131;192;/eco/;200;OK;Grupo de Hilos 1-1;text;true;;39044;1;1;http://prueba.eco.i-administracion.junta-andalucia.es/eco/;;105;UTF-8;1;0;PTLECASTILLA2
1291299474343;274;/eco/admin/cargaInicialXML.do;200;OK;Grupo de Hilos 1-1;text;false;;6154;1;1;http://prueba.eco.i-administracion.junta-andalucia.es/eco/admin/cargaInicialXML.do;;205;UTF-8;1;1;PTLECASTILLA2
1291299474618;905;/eco/inicioUsuarioPassword.do;200;OK;Grupo de Hilos 1-1;text;true;;1159158;1;1;http://prueba.eco.i-administracion.junta-andalucia.es/eco/inicioUsuarioPassword.do;;36;UTF-8;1;0;PTLECASTILLA2
1291299475524;13;/eco/eco_acceso_usu_cont_contenido.jsp;200;OK;Grupo de Hilos 1-1;text;true;;2849;1;1;http://prueba.eco.i-administracion.junta-andalucia.es/eco/eco_acceso_usu_cont_contenido.jsp;;13;UTF-8;1;0;PTLECASTILLA2
1291299475539;1657;/eco/validarLogin.do;200;OK;Grupo de Hilos 1-1;text;true;;75648;1;1;http://prueba.eco.i-administracion.junta-andalucia.es/eco/validarLogin.do;;1559;UTF-8;1;0;PTLECASTILLA2
1291299477197;1099;/eco/inicioComunica.do;200;OK;Grupo de Hilos 1-1;text;true;;1300626;1;1;http://prueba.eco.i-administracion.junta-andalucia.es/eco/inicioComunica.do;;91;UTF-8;1;0;PTLECASTILLA2
1291299478296;99;/eco/eco_cabecera.jsp;200;OK;Grupo de Hilos 1-1;text;true;;16069;1;1;http://prueba.eco.i-administracion.junta-andalucia.es/eco/eco_cabecera.jsp;;15;UTF-8;1;0;PTLECASTILLA2
1291299478396;71;/eco/eco_principal.jsp;200;OK;Grupo de Hilos 1-1;text;true;;3264;1;1;http://prueba.eco.i-administracion.junta-andalucia.es/eco/eco_principal.jsp;;12;UTF-8;1;0;PTLECASTILLA2
1291299478467;96;/eco/eco_principal_botonera.jsp;200;OK;Grupo de Hilos 1-1;text;true;;17161;1;1;http://prueba.eco.i-administracion.junta-andalucia.es/eco/eco_principal_botonera.jsp;;14;UTF-8;1;0;PTLECASTILLA2
1291299478564;11;/eco/eco_comunicaciones_contenido.jsp;200;OK;Grupo de Hilos 1-1;text;true;;509;1;1;http://prueba.eco.i-administracion.junta-andalucia.es/eco/eco_comunicaciones_contenido.jsp;;11;UTF-8;1;0;PTLECASTILLA2
1291299478576;344;/eco/organismosSupervisor.do;200;OK;Grupo de Hilos 1-1;text;true;;7015;1;1;http://prueba.eco.i-administracion.junta-andalucia.es/eco/organismosSupervisor.do;;298;UTF-8;1;0;PTLECASTILLA2
1291299478921;12;/eco/rellenarCamposTransitorios.do;200;OK;Grupo de Hilos 1-1;text;true;;0;1;1;http://prueba.eco.i-administracion.junta-andalucia.es/eco/rellenarCamposTransitorios.do;;12;UTF-8;1;0;PTLECASTILLA2
1291299478933;1967;/eco/cargarBandejaEntrada.do;200;OK;Grupo de Hilos 1-1;text;true;;38585;1;1;http://prueba.eco.i-administracion.junta-andalucia.es/eco/cargarBandejaEntrada.do;;1745;UTF-8;1;0;PTLECASTILLA2
1291299480901;139;/eco/altaExpedienteProc.do;200;OK;Grupo de Hilos 1-1;text;true;;9229;1;1;http://prueba.eco.i-administracion.junta-andalucia.es/eco/altaExpedienteProc.do;;98;UTF-8;1;0;PTLECASTILLA2
1291299481041;226;/eco/altaExpediente.do;200;OK;Grupo de Hilos 1-1;text;true;;20617;1;1;http://prueba.eco.i-administracion.junta-andalucia.es/eco/altaExpediente.do;;101;UTF-8;1;0;PTLECASTILLA2
1291299481267;480;/eco/cargarArbolOrgExterno.do;200;OK;Grupo de Hilos 1-1;text;true;;20198;1;1;http://prueba.eco.i-administracion.junta-andalucia.es/eco/cargarArbolOrgExterno.do;;432;UTF-8;1;0;PTLECASTILLA2
1291299481747;13;/eco/cargarBusquedaRapida.do;200;OK;Grupo de Hilos 1-1;text;true;;4633;1;1;http://prueba.eco.i-administracion.junta-andalucia.es/eco/cargarBusquedaRapida.do;;13;UTF-8;1;0;PTLECASTILLA2
1291299481761;2556;/eco/altaExpedienteFin.do;200;OK;Grupo de Hilos 1-1;text;true;;35494;1;1;http://prueba.eco.i-administracion.junta-andalucia.es/eco/altaExpedienteFin.do;;2481;UTF-8;1;0;PTLECASTILLA2
1291299484328;1;Debug Sampler;;;Grupo de Hilos 1-1;text;true;;622;1;1;null;;0;windows-1252;1;0;PTLECASTILLA2
1291299484329;20;/eco/enlaceStruts.do;200;OK;Grupo de Hilos 1-1;text;true;;1619;1;1;http://prueba.eco.i-administracion.junta-andalucia.es/eco/enlaceStruts.do;;20;UTF-8;1;0;PTLECASTILLA2
1291299484350;476;/eco/agenda/verExpediente.do;200;OK;Grupo de Hilos 1-1;text;true;;2265;1;1;http://prueba.eco.i-administracion.junta-andalucia.es/eco/agenda/verExpediente.do;;476;UTF-8;1;0;PTLECASTILLA2
1291299484829;61;/eco/agenda/listarEstadosExpediente.do;200;OK;Grupo de Hilos 1-1;text;true;;1532;1;1;http://prueba.eco.i-administracion.junta-andalucia.es/eco/agenda/listarEstadosExpediente.do;;47;UTF-8;1;0;PTLECASTILLA2
1291299484890;47;/eco/agenda/tr_funciones.jsp;200;OK;Grupo de Hilos 1-1;text;true;;5017;1;1;http://prueba.eco.i-administracion.junta-andalucia.es/eco/agenda/tr_funciones.jsp;;13;UTF-8;1;0;PTLECASTILLA2
1291299484937;632;/eco/agenda/listarTransicionesExpediente.do;200;OK;Grupo de Hilos 1-1;text;true;;5027;1;1;http://prueba.eco.i-administracion.junta-andalucia.es/eco/agenda/tr_expediente_tramita.jsp;;564;UTF-8;1;0;PTLECASTILLA2
1291299485570;93;/eco/agenda/tr_expediente_tramita.jsp;200;OK;Grupo de Hilos 1-1;text;true;;5027;1;1;http://prueba.eco.i-administracion.junta-andalucia.es/eco/agenda/tr_expediente_tramita.jsp;;12;UTF-8;1;0;PTLECASTILLA2
1291299485664;414;/eco/agenda/listarTareas.do;200;OK;Grupo de Hilos 1-1;text;true;;1068;1;1;http://prueba.eco.i-administracion.junta-andalucia.es/eco/agenda/listarTareas.do;;390;UTF-8;1;0;PTLECASTILLA2
1291299486079;158;/eco/agenda/listarDocumentosPermitidos.do;200;OK;Grupo de Hilos 1-1;text;true;;3735;1;1;http://prueba.eco.i-administracion.junta-andalucia.es/eco/agenda/listarDocumentosPermitidos.do;;122;UTF-8;1;0;PTLECASTILLA2
1291299486237;181;/eco/agenda/listarAvisos.do;200;OK;Grupo de Hilos 1-1;text;true;;5928;1;1;http://prueba.eco.i-administracion.junta-andalucia.es/eco/agenda/listarAvisos.do;;134;UTF-8;1;0;PTLECASTILLA2
1291299486554;278;/eco/agenda/listarPestanyas.do;200;OK;Grupo de Hilos 1-1;text;true;;2304;1;1;http://prueba.eco.i-administracion.junta-andalucia.es/eco/agenda/listarPestanyas.do;;261;UTF-8;1;0;PTLECASTILLA2
1291299486832;54;/eco/agenda/listarDocumentos.do;200;OK;Grupo de Hilos 1-1;text;true;;1520;1;1;http://prueba.eco.i-administracion.junta-andalucia.es/eco/agenda/listarDocumentos.do;;31;UTF-8;1;0;PTLECASTILLA2
1291299486886;34;/eco/agenda/tr_navegacion.jsp;200;OK;Grupo de Hilos 1-1;text;true;;2880;1;1;http://prueba.eco.i-administracion.junta-andalucia.es/eco/agenda/tr_navegacion.jsp;;12;UTF-8;1;0;PTLECASTILLA2
1291299486920;11;/eco/agenda/tr_error.jsp;200;OK;Grupo de Hilos 1-1;text;true;;4;1;1;http://prueba.eco.i-administracion.junta-andalucia.es/eco/agenda/tr_error.jsp;;11;UTF-8;1;0;PTLECASTILLA2
1291299486932;47;/eco/agenda/mostrarToolTip.do;200;OK;Grupo de Hilos 1-1;text;true;;1413;1;1;http://prueba.eco.i-administracion.junta-andalucia.es/eco/agenda/mostrarToolTip.do;;47;UTF-8;1;0;PTLECASTILLA2
1291299486981;14;/eco/agenda/mostrarToolTip.do;200;OK;Grupo de Hilos 1-1;text;true;;1409;1;1;http://prueba.eco.i-administracion.junta-andalucia.es/eco/agenda/mostrarToolTip.do;;14;UTF-8;1;0;PTLECASTILLA2
1291299486997;11;/eco/agenda/tr_error.jsp;200;OK;Grupo de Hilos 1-1;text;true;;4;1;1;http://prueba.eco.i-administracion.junta-andalucia.es/eco/agenda/tr_error.jsp;;11;UTF-8;1;0;PTLECASTILLA2
1291299487009;10;/eco/agenda/tr_error.jsp;200;OK;Grupo de Hilos 1-1;text;true;;4;1;1;http://prueba.eco.i-administracion.junta-andalucia.es/eco/agenda/tr_error.jsp;;10;UTF-8;1;0;PTLECASTILLA2
1291299487020;52;/eco/agenda/incorporaDocumento.do;200;OK;Grupo de Hilos 1-1;text;true;;387;1;1;http://prueba.eco.i-administracion.junta-andalucia.es/eco/agenda/incorporaDocumento.do;;52;ISO-8859-1;1;0;PTLECASTILLA2
1291299487073;269;/eco/agenda/tr_incorpora_documentos.jsp;200;OK;Grupo de Hilos 1-1;text;true;;315230;1;1;http://prueba.eco.i-administracion.junta-andalucia.es/eco/agenda/tr_incorpora_documentos.jsp;;46;ISO-8859-1;1;0;PTLECASTILLA2
1291299487344;12;/eco/agenda/tr_error.jsp;200;OK;Grupo de Hilos 1-1;text;true;;4;1;1;http://prueba.eco.i-administracion.junta-andalucia.es/eco/agenda/tr_error.jsp;;12;UTF-8;1;0;PTLECASTILLA2
1291299487357;14;/eco/agenda/incorporaDocumentoConfirmar.do;200;OK;Grupo de Hilos 1-1;text;true;;0;1;1;http://prueba.eco.i-administracion.junta-andalucia.es/eco/agenda/incorporaDocumentoConfirmar.do;;14;UTF-8;1;0;PTLECASTILLA2
1291299487371;1785;/eco/incorporaDoc;200;OK;Grupo de Hilos 1-1;text;true;;315230;1;1;http://prueba.eco.i-administracion.junta-andalucia.es/eco/agenda/tr_incorpora_documentos.jsp;;1140;ISO-8859-1;1;0;PTLECASTILLA2
1291299489156;844;/eco/agenda/tr_incorpora_documentos.jsp;200;OK;Grupo de Hilos 1-1;text;true;;315230;1;1;http://prueba.eco.i-administracion.junta-andalucia.es/eco/agenda/tr_incorpora_documentos.jsp;;12;ISO-8859-1;1;0;PTLECASTILLA2
1291299490000;37;/eco/agenda/tr_resultado_incorporar.jsp;200;OK;Grupo de Hilos 1-1;text;false;;2604;1;1;http://prueba.eco.i-administracion.junta-andalucia.es/eco/agenda/tr_resultado_incorporar.jsp;;25;ISO-8859-1;1;1;PTLECASTILLA2
1291299490039;161;/eco/agenda/verExpediente.do;200;OK;Grupo de Hilos 1-1;text;true;;2265;1;1;http://prueba.eco.i-administracion.junta-andalucia.es/eco/agenda/verExpediente.do;;161;UTF-8;1;0;PTLECASTILLA2
1291299490203;32;/eco/agenda/listarEstadosExpediente.do;200;OK;Grupo de Hilos 1-1;text;true;;1532;1;1;http://prueba.eco.i-administracion.junta-andalucia.es/eco/agenda/listarEstadosExpediente.do;;21;UTF-8;1;0;PTLECASTILLA2
1291299490235;45;/eco/agenda/tr_funciones.jsp;200;OK;Grupo de Hilos 1-1;text;true;;5017;1;1;http://prueba.eco.i-administracion.junta-andalucia.es/eco/agenda/tr_funciones.jsp;;12;UTF-8;1;0;PTLECASTILLA2
1291299490281;117;/eco/agenda/listarTransicionesExpediente.do;200;OK;Grupo de Hilos 1-1;text;true;;6039;1;1;http://prueba.eco.i-administracion.junta-andalucia.es/eco/agenda/tr_expediente_tramita.jsp;;48;UTF-8;1;0;PTLECASTILLA2
1291299490398;62;/eco/agenda/tr_expediente_tramita.jsp;200;OK;Grupo de Hilos 1-1;text;true;;6039;1;1;http://prueba.eco.i-administracion.junta-andalucia.es/eco/agenda/tr_expediente_tramita.jsp;;12;UTF-8;1;0;PTLECASTILLA2
1291299490460;45;/eco/agenda/listarTareas.do;200;OK;Grupo de Hilos 1-1;text;true;;1068;1;1;http://prueba.eco.i-administracion.junta-andalucia.es/eco/agenda/listarTareas.do;;24;UTF-8;1;0;PTLECASTILLA2
1291299490505;58;/eco/agenda/listarDocumentosPermitidos.do;200;OK;Grupo de Hilos 1-1;text;true;;3735;1;1;http://prueba.eco.i-administracion.junta-andalucia.es/eco/agenda/listarDocumentosPermitidos.do;;25;UTF-8;1;0;PTLECASTILLA2
1291299490564;63;/eco/agenda/tr_otras_informaciones.jsp;200;OK;Grupo de Hilos 1-1;text;true;;5928;1;1;http://prueba.eco.i-administracion.junta-andalucia.es/eco/agenda/tr_otras_informaciones.jsp;;13;UTF-8;1;0;PTLECASTILLA2
1291299490628;32;/eco/agenda/listarPestanyas.do;200;OK;Grupo de Hilos 1-1;text;true;;2304;1;1;http://prueba.eco.i-administracion.junta-andalucia.es/eco/agenda/listarPestanyas.do;;19;UTF-8;1;0;PTLECASTILLA2
1291299490661;193;/eco/agenda/listarDocumentos.do;200;OK;Grupo de Hilos 1-1;text;true;;8758;1;1;http://prueba.eco.i-administracion.junta-andalucia.es/eco/agenda/listarDocumentos.do;;51;UTF-8;1;0;PTLECASTILLA2
1291299490855;13;/eco/agenda/tr_error.jsp;200;OK;Grupo de Hilos 1-1;text;true;;4;1;1;http://prueba.eco.i-administracion.junta-andalucia.es/eco/agenda/tr_error.jsp;;13;UTF-8;1;0;PTLECASTILLA2
1291299490869;70;/eco/agenda/listarAvisosCondiciones.do;200;OK;Grupo de Hilos 1-1;text;true;;0;1;1;http://prueba.eco.i-administracion.junta-andalucia.es/eco/agenda/listarAvisosCondiciones.do;;70;UTF-8;1;0;PTLECASTILLA2
1291299490939;12;/eco/agenda/tr_error.jsp;200;OK;Grupo de Hilos 1-1;text;true;;4;1;1;http://prueba.eco.i-administracion.junta-andalucia.es/eco/agenda/tr_error.jsp;;12;UTF-8;1;0;PTLECASTILLA2
1291299490951;340;/eco/agenda/tramita.do;200;OK;Grupo de Hilos 1-1;text;true;;0;1;1;http://prueba.eco.i-administracion.junta-andalucia.es/eco/agenda/tramita.do;;340;UTF-8;1;0;PTLECASTILLA2
1291299491293;41;/eco/agenda/listarEstadosExpediente.do;200;OK;Grupo de Hilos 1-1;text;true;;1558;1;1;http://prueba.eco.i-administracion.junta-andalucia.es/eco/agenda/listarEstadosExpediente.do;;29;UTF-8;1;0;PTLECASTILLA2
1291299491336;326;/eco/agenda/listarTransicionesExpediente.do;200;OK;Grupo de Hilos 1-1;text;true;;1587;1;1;http://prueba.eco.i-administracion.junta-andalucia.es/eco/agenda/tr_expediente_tramita.jsp;;275;UTF-8;1;0;PTLECASTILLA2
1291299491663;46;/eco/agenda/tr_expediente_tramita.jsp;200;OK;Grupo de Hilos 1-1;text;true;;1587;1;1;http://prueba.eco.i-administracion.junta-andalucia.es/eco/agenda/tr_expediente_tramita.jsp;;14;UTF-8;1;0;PTLECASTILLA2
1291299491709;61;/eco/agenda/listarTareas.do;200;OK;Grupo de Hilos 1-1;text;true;;1068;1;1;http://prueba.eco.i-administracion.junta-andalucia.es/eco/agenda/listarTareas.do;;36;UTF-8;1;0;PTLECASTILLA2
1291299491770;42;/eco/agenda/listarDocumentosPermitidos.do;200;OK;Grupo de Hilos 1-1;text;true;;911;1;1;http://prueba.eco.i-administracion.junta-andalucia.es/eco/agenda/listarDocumentosPermitidos.do;;21;UTF-8;1;0;PTLECASTILLA2
1291299491813;11;/eco/agenda/tr_error.jsp;200;OK;Grupo de Hilos 1-1;text;true;;4;1;1;http://prueba.eco.i-administracion.junta-andalucia.es/eco/agenda/tr_error.jsp;;11;UTF-8;1;0;PTLECASTILLA2
1291299491825;274;/eco/salir.do;200;OK;Grupo de Hilos 1-1;text;true;;33406;1;1;http://prueba.eco.i-administracion.junta-andalucia.es/eco/salir.do;;35;UTF-8;1;0;PTLECASTILLA2
1291299492100;72;/eco/;200;OK;Grupo de Hilos 1-1;text;true;;39044;1;1;http://prueba.eco.i-administracion.junta-andalucia.es/eco/;;18;UTF-8;1;0;PTLECASTILLA2
1291299492172;186;/eco/admin/cargaInicialXML.do;200;OK;Grupo de Hilos 1-1;text;false;;6154;1;1;http://prueba.eco.i-administracion.junta-andalucia.es/eco/admin/cargaInicialXML.do;;128;UTF-8;1;1;PTLECASTILLA2
1291299492359;1711;/eco/inicioUsuarioPassword.do;200;OK;Grupo de Hilos 1-1;text;true;;1159158;1;1;http://prueba.eco.i-administracion.junta-andalucia.es/eco/inicioUsuarioPassword.do;;13;UTF-8;1;0;PTLECASTILLA2
1291299494071;12;/eco/eco_acceso_usu_cont_contenido.jsp;200;OK;Grupo de Hilos 1-1;text;true;;2849;1;1;http://prueba.eco.i-administracion.junta-andalucia.es/eco/eco_acceso_usu_cont_contenido.jsp;;12;UTF-8;1;0;PTLECASTILLA2
1291299494084;495;/eco/validarLogin.do;200;OK;Grupo de Hilos 1-1;text;true;;75648;1;1;http://prueba.eco.i-administracion.junta-andalucia.es/eco/validarLogin.do;;414;UTF-8;1;0;PTLECASTILLA2
1291299494580;1051;/eco/inicioComunica.do;200;OK;Grupo de Hilos 1-1;text;true;;1300626;1;1;http://prueba.eco.i-administracion.junta-andalucia.es/eco/inicioComunica.do;;89;UTF-8;1;0;PTLECASTILLA2
1291299495632;91;/eco/eco_cabecera.jsp;200;OK;Grupo de Hilos 1-1;text;true;;16069;1;1;http://prueba.eco.i-administracion.junta-andalucia.es/eco/eco_cabecera.jsp;;12;UTF-8;1;0;PTLECASTILLA2
1291299495723;78;/eco/eco_principal.jsp;200;OK;Grupo de Hilos 1-1;text;true;;3264;1;1;http://prueba.eco.i-administracion.junta-andalucia.es/eco/eco_principal.jsp;;13;UTF-8;1;0;PTLECASTILLA2
1291299495801;94;/eco/eco_principal_botonera.jsp;200;OK;Grupo de Hilos 1-1;text;true;;17161;1;1;http://prueba.eco.i-administracion.junta-andalucia.es/eco/eco_principal_botonera.jsp;;12;UTF-8;1;0;PTLECASTILLA2
1291299495895;11;/eco/eco_comunicaciones_contenido.jsp;200;OK;Grupo de Hilos 1-1;text;true;;509;1;1;http://prueba.eco.i-administracion.junta-andalucia.es/eco/eco_comunicaciones_contenido.jsp;;11;UTF-8;1;0;PTLECASTILLA2
1291299495907;65;/eco/organismosSupervisor.do;200;OK;Grupo de Hilos 1-1;text;true;;7015;1;1;http://prueba.eco.i-administracion.junta-andalucia.es/eco/organismosSupervisor.do;;18;UTF-8;1;0;PTLECASTILLA2
1291299495972;11;/eco/rellenarCamposTransitorios.do;200;OK;Grupo de Hilos 1-1;text;true;;0;1;1;http://prueba.eco.i-administracion.junta-andalucia.es/eco/rellenarCamposTransitorios.do;;11;UTF-8;1;0;PTLECASTILLA2
1291299495983;573;/eco/cargarBandejaEntrada.do;200;OK;Grupo de Hilos 1-1;text;true;;38585;1;1;http://prueba.eco.i-administracion.junta-andalucia.es/eco/cargarBandejaEntrada.do;;387;UTF-8;1;0;PTLECASTILLA2
1291299496556;120;/eco/altaExpedienteProc.do;200;OK;Grupo de Hilos 1-1;text;true;;9229;1;1;http://prueba.eco.i-administracion.junta-andalucia.es/eco/altaExpedienteProc.do;;80;UTF-8;1;0;PTLECASTILLA2
1291299496676;167;/eco/altaExpediente.do;200;OK;Grupo de Hilos 1-1;text;true;;20617;1;1;http://prueba.eco.i-administracion.junta-andalucia.es/eco/altaExpediente.do;;34;UTF-8;1;0;PTLECASTILLA2
1291299496843;250;/eco/cargarArbolOrgExterno.do;200;OK;Grupo de Hilos 1-1;text;true;;20198;1;1;http://prueba.eco.i-administracion.junta-andalucia.es/eco/cargarArbolOrgExterno.do;;211;UTF-8;1;0;PTLECASTILLA2
1291299497093;16;/eco/cargarBusquedaRapida.do;200;OK;Grupo de Hilos 1-1;text;true;;4633;1;1;http://prueba.eco.i-administracion.junta-andalucia.es/eco/cargarBusquedaRapida.do;;16;UTF-8;1;0;PTLECASTILLA2
1291299497110;174;/eco/altaExpedienteFin.do;200;OK;Grupo de Hilos 1-1;text;true;;35494;1;1;http://prueba.eco.i-administracion.junta-andalucia.es/eco/altaExpedienteFin.do;;131;UTF-8;1;0;PTLECASTILLA2
1291299497285;0;Debug Sampler;;;Grupo de Hilos 1-1;text;true;;622;1;1;null;;0;windows-1252;1;0;PTLECASTILLA2
1291299497285;15;/eco/enlaceStruts.do;200;OK;Grupo de Hilos 1-1;text;true;;1619;1;1;http://prueba.eco.i-administracion.junta-andalucia.es/eco/enlaceStruts.do;;15;UTF-8;1;0;PTLECASTILLA2
1291299497301;136;/eco/agenda/verExpediente.do;200;OK;Grupo de Hilos 1-1;text;true;;2265;1;1;http://prueba.eco.i-administracion.junta-andalucia.es/eco/agenda/verExpediente.do;;136;UTF-8;1;0;PTLECASTILLA2
1291299497439;41;/eco/agenda/listarEstadosExpediente.do;200;OK;Grupo de Hilos 1-1;text;true;;1532;1;1;http://prueba.eco.i-administracion.junta-andalucia.es/eco/agenda/listarEstadosExpediente.do;;30;UTF-8;1;0;PTLECASTILLA2
1291299497480;46;/eco/agenda/tr_funciones.jsp;200;OK;Grupo de Hilos 1-1;text;true;;5017;1;1;http://prueba.eco.i-administracion.junta-andalucia.es/eco/agenda/tr_funciones.jsp;;13;UTF-8;1;0;PTLECASTILLA2
1291299497526;115;/eco/agenda/listarTransicionesExpediente.do;200;OK;Grupo de Hilos 1-1;text;true;;5027;1;1;http://prueba.eco.i-administracion.junta-andalucia.es/eco/agenda/tr_expediente_tramita.jsp;;46;UTF-8;1;0;PTLECASTILLA2
1291299497641;74;/eco/agenda/tr_expediente_tramita.jsp;200;OK;Grupo de Hilos 1-1;text;true;;5027;1;1;http://prueba.eco.i-administracion.junta-andalucia.es/eco/agenda/tr_expediente_tramita.jsp;;12;UTF-8;1;0;PTLECASTILLA2
1291299497715;50;/eco/agenda/listarTareas.do;200;OK;Grupo de Hilos 1-1;text;true;;1068;1;1;http://prueba.eco.i-administracion.junta-andalucia.es/eco/agenda/listarTareas.do;;22;UTF-8;1;0;PTLECASTILLA2
1291299497765;60;/eco/agenda/listarDocumentosPermitidos.do;200;OK;Grupo de Hilos 1-1;text;true;;3735;1;1;http://prueba.eco.i-administracion.junta-andalucia.es/eco/agenda/listarDocumentosPermitidos.do;;24;UTF-8;1;0;PTLECASTILLA2
1291299497825;84;/eco/agenda/listarAvisos.do;200;OK;Grupo de Hilos 1-1;text;true;;5928;1;1;http://prueba.eco.i-administracion.junta-andalucia.es/eco/agenda/listarAvisos.do;;35;UTF-8;1;0;PTLECASTILLA2
1291299497909;30;/eco/agenda/listarPestanyas.do;200;OK;Grupo de Hilos 1-1;text;true;;2304;1;1;http://prueba.eco.i-administracion.junta-andalucia.es/eco/agenda/listarPestanyas.do;;18;UTF-8;1;0;PTLECASTILLA2
1291299497939;43;/eco/agenda/listarDocumentos.do;200;OK;Grupo de Hilos 1-1;text;true;;1520;1;1;http://prueba.eco.i-administracion.junta-andalucia.es/eco/agenda/listarDocumentos.do;;21;UTF-8;1;0;PTLECASTILLA2
1291299497982;34;/eco/agenda/tr_navegacion.jsp;200;OK;Grupo de Hilos 1-1;text;true;;2880;1;1;http://prueba.eco.i-administracion.junta-andalucia.es/eco/agenda/tr_navegacion.jsp;;11;UTF-8;1;0;PTLECASTILLA2
1291299498017;11;/eco/agenda/tr_error.jsp;200;OK;Grupo de Hilos 1-1;text;true;;4;1;1;http://prueba.eco.i-administracion.junta-andalucia.es/eco/agenda/tr_error.jsp;;11;UTF-8;1;0;PTLECASTILLA2
1291299498028;13;/eco/agenda/mostrarToolTip.do;200;OK;Grupo de Hilos 1-1;text;true;;1413;1;1;http://prueba.eco.i-administracion.junta-andalucia.es/eco/agenda/mostrarToolTip.do;;13;UTF-8;1;0;PTLECASTILLA2
1291299498042;14;/eco/agenda/mostrarToolTip.do;200;OK;Grupo de Hilos 1-1;text;true;;1409;1;1;http://prueba.eco.i-administracion.junta-andalucia.es/eco/agenda/mostrarToolTip.do;;14;UTF-8;1;0;PTLECASTILLA2
1291299498057;9;/eco/agenda/tr_error.jsp;200;OK;Grupo de Hilos 1-1;text;true;;4;1;1;http://prueba.eco.i-administracion.junta-andalucia.es/eco/agenda/tr_error.jsp;;9;UTF-8;1;0;PTLECASTILLA2
1291299498067;9;/eco/agenda/tr_error.jsp;200;OK;Grupo de Hilos 1-1;text;true;;4;1;1;http://prueba.eco.i-administracion.junta-andalucia.es/eco/agenda/tr_error.jsp;;9;UTF-8;1;0;PTLECASTILLA2
1291299498077;12;/eco/agenda/incorporaDocumento.do;200;OK;Grupo de Hilos 1-1;text;true;;387;1;1;http://prueba.eco.i-administracion.junta-andalucia.es/eco/agenda/incorporaDocumento.do;;12;ISO-8859-1;1;0;PTLECASTILLA2
1291299498089;201;/eco/agenda/tr_incorpora_documentos.jsp;200;OK;Grupo de Hilos 1-1;text;true;;315230;1;1;http://prueba.eco.i-administracion.junta-andalucia.es/eco/agenda/tr_incorpora_documentos.jsp;;12;ISO-8859-1;1;0;PTLECASTILLA2
1291299498290;10;/eco/agenda/tr_error.jsp;200;OK;Grupo de Hilos 1-1;text;true;;4;1;1;http://prueba.eco.i-administracion.junta-andalucia.es/eco/agenda/tr_error.jsp;;10;UTF-8;1;0;PTLECASTILLA2
1291299498301;11;/eco/agenda/incorporaDocumentoConfirmar.do;200;OK;Grupo de Hilos 1-1;text;true;;0;1;1;http://prueba.eco.i-administracion.junta-andalucia.es/eco/agenda/incorporaDocumentoConfirmar.do;;11;UTF-8;1;0;PTLECASTILLA2
1291299498312;481;/eco/incorporaDoc;200;OK;Grupo de Hilos 1-1;text;true;;315230;1;1;http://prueba.eco.i-administracion.junta-andalucia.es/eco/agenda/tr_incorpora_documentos.jsp;;281;ISO-8859-1;1;0;PTLECASTILLA2
1291299498794;198;/eco/agenda/tr_incorpora_documentos.jsp;200;OK;Grupo de Hilos 1-1;text;true;;315230;1;1;http://prueba.eco.i-administracion.junta-andalucia.es/eco/agenda/tr_incorpora_documentos.jsp;;10;ISO-8859-1;1;0;PTLECASTILLA2
1291299498992;25;/eco/agenda/tr_resultado_incorporar.jsp;200;OK;Grupo de Hilos 1-1;text;false;;2604;1;1;http://prueba.eco.i-administracion.junta-andalucia.es/eco/agenda/tr_resultado_incorporar.jsp;;14;ISO-8859-1;1;1;PTLECASTILLA2
1291299499018;226;/eco/agenda/verExpediente.do;200;OK;Grupo de Hilos 1-1;text;true;;2265;1;1;http://prueba.eco.i-administracion.junta-andalucia.es/eco/agenda/verExpediente.do;;226;UTF-8;1;0;PTLECASTILLA2
1291299499246;39;/eco/agenda/listarEstadosExpediente.do;200;OK;Grupo de Hilos 1-1;text;true;;1532;1;1;http://prueba.eco.i-administracion.junta-andalucia.es/eco/agenda/listarEstadosExpediente.do;;26;UTF-8;1;0;PTLECASTILLA2
1291299499286;46;/eco/agenda/tr_funciones.jsp;200;OK;Grupo de Hilos 1-1;text;true;;5017;1;1;http://prueba.eco.i-administracion.junta-andalucia.es/eco/agenda/tr_funciones.jsp;;11;UTF-8;1;0;PTLECASTILLA2
1291299499332;123;/eco/agenda/listarTransicionesExpediente.do;200;OK;Grupo de Hilos 1-1;text;true;;6039;1;1;http://prueba.eco.i-administracion.junta-andalucia.es/eco/agenda/tr_expediente_tramita.jsp;;45;UTF-8;1;0;PTLECASTILLA2
1291299499456;79;/eco/agenda/tr_expediente_tramita.jsp;200;OK;Grupo de Hilos 1-1;text;true;;6039;1;1;http://prueba.eco.i-administracion.junta-andalucia.es/eco/agenda/tr_expediente_tramita.jsp;;17;UTF-8;1;0;PTLECASTILLA2
1291299499535;57;/eco/agenda/listarTareas.do;200;OK;Grupo de Hilos 1-1;text;true;;1068;1;1;http://prueba.eco.i-administracion.junta-andalucia.es/eco/agenda/listarTareas.do;;28;UTF-8;1;0;PTLECASTILLA2
1291299499592;66;/eco/agenda/listarDocumentosPermitidos.do;200;OK;Grupo de Hilos 1-1;text;true;;3735;1;1;http://prueba.eco.i-administracion.junta-andalucia.es/eco/agenda/listarDocumentosPermitidos.do;;28;UTF-8;1;0;PTLECASTILLA2
1291299499658;62;/eco/agenda/tr_otras_informaciones.jsp;200;OK;Grupo de Hilos 1-1;text;true;;5928;1;1;http://prueba.eco.i-administracion.junta-andalucia.es/eco/agenda/tr_otras_informaciones.jsp;;14;UTF-8;1;0;PTLECASTILLA2
1291299499721;31;/eco/agenda/listarPestanyas.do;200;OK;Grupo de Hilos 1-1;text;true;;2304;1;1;http://prueba.eco.i-administracion.junta-andalucia.es/eco/agenda/listarPestanyas.do;;18;UTF-8;1;0;PTLECASTILLA2
1291299499752;115;/eco/agenda/listarDocumentos.do;200;OK;Grupo de Hilos 1-1;text;true;;8758;1;1;http://prueba.eco.i-administracion.junta-andalucia.es/eco/agenda/listarDocumentos.do;;28;UTF-8;1;0;PTLECASTILLA2
1291299499868;10;/eco/agenda/tr_error.jsp;200;OK;Grupo de Hilos 1-1;text;true;;4;1;1;http://prueba.eco.i-administracion.junta-andalucia.es/eco/agenda/tr_error.jsp;;10;UTF-8;1;0;PTLECASTILLA2
1291299499878;24;/eco/agenda/listarAvisosCondiciones.do;200;OK;Grupo de Hilos 1-1;text;true;;0;1;1;http://prueba.eco.i-administracion.junta-andalucia.es/eco/agenda/listarAvisosCondiciones.do;;24;UTF-8;1;0;PTLECASTILLA2
1291299499903;11;/eco/agenda/tr_error.jsp;200;OK;Grupo de Hilos 1-1;text;true;;4;1;1;http://prueba.eco.i-administracion.junta-andalucia.es/eco/agenda/tr_error.jsp;;11;UTF-8;1;0;PTLECASTILLA2
1291299499914;186;/eco/agenda/tramita.do;200;OK;Grupo de Hilos 1-1;text;true;;0;1;1;http://prueba.eco.i-administracion.junta-andalucia.es/eco/agenda/tramita.do;;186;UTF-8;1;0;PTLECASTILLA2
1291299500100;51;/eco/agenda/listarEstadosExpediente.do;200;OK;Grupo de Hilos 1-1;text;true;;1558;1;1;http://prueba.eco.i-administracion.junta-andalucia.es/eco/agenda/listarEstadosExpediente.do;;38;UTF-8;1;0;PTLECASTILLA2
1291299500151;105;/eco/agenda/listarTransicionesExpediente.do;200;OK;Grupo de Hilos 1-1;text;true;;1587;1;1;http://prueba.eco.i-administracion.junta-andalucia.es/eco/agenda/tr_expediente_tramita.jsp;;60;UTF-8;1;0;PTLECASTILLA2
1291299500257;40;/eco/agenda/tr_expediente_tramita.jsp;200;OK;Grupo de Hilos 1-1;text;true;;1587;1;1;http://prueba.eco.i-administracion.junta-andalucia.es/eco/agenda/tr_expediente_tramita.jsp;;10;UTF-8;1;0;PTLECASTILLA2
1291299500297;41;/eco/agenda/listarTareas.do;200;OK;Grupo de Hilos 1-1;text;true;;1068;1;1;http://prueba.eco.i-administracion.junta-andalucia.es/eco/agenda/listarTareas.do;;20;UTF-8;1;0;PTLECASTILLA2
1291299500338;39;/eco/agenda/listarDocumentosPermitidos.do;200;OK;Grupo de Hilos 1-1;text;true;;911;1;1;http://prueba.eco.i-administracion.junta-andalucia.es/eco/agenda/listarDocumentosPermitidos.do;;18;UTF-8;1;0;PTLECASTILLA2
1291299500414;12;/eco/agenda/tr_error.jsp;200;OK;Grupo de Hilos 1-1;text;true;;4;1;1;http://prueba.eco.i-administracion.junta-andalucia.es/eco/agenda/tr_error.jsp;;12;UTF-8;1;0;PTLECASTILLA2
1291299500427;43;/eco/salir.do;200;OK;Grupo de Hilos 1-1;text;true;;33406;1;1;http://prueba.eco.i-administracion.junta-andalucia.es/eco/salir.do;;16;UTF-8;1;0;PTLECASTILLA2
1291299500471;41;/eco/;200;OK;Grupo de Hilos 1-1;text;true;;39044;1;1;http://prueba.eco.i-administracion.junta-andalucia.es/eco/;;15;UTF-8;1;0;PTLECASTILLA2
1291299500513;176;/eco/admin/cargaInicialXML.do;200;OK;Grupo de Hilos 1-1;text;false;;6154;1;1;http://prueba.eco.i-administracion.junta-andalucia.es/eco/admin/cargaInicialXML.do;;123;UTF-8;1;1;PTLECASTILLA2
1291299500689;869;/eco/inicioUsuarioPassword.do;200;OK;Grupo de Hilos 1-1;text;true;;1159158;1;1;http://prueba.eco.i-administracion.junta-andalucia.es/eco/inicioUsuarioPassword.do;;13;UTF-8;1;0;PTLECASTILLA2
1291299501558;15;/eco/eco_acceso_usu_cont_contenido.jsp;200;OK;Grupo de Hilos 1-1;text;true;;2849;1;1;http://prueba.eco.i-administracion.junta-andalucia.es/eco/eco_acceso_usu_cont_contenido.jsp;;15;UTF-8;1;0;PTLECASTILLA2
1291299501574;343;/eco/validarLogin.do;200;OK;Grupo de Hilos 1-1;text;true;;75648;1;1;http://prueba.eco.i-administracion.junta-andalucia.es/eco/validarLogin.do;;263;UTF-8;1;0;PTLECASTILLA2
1291299501917;1021;/eco/inicioComunica.do;200;OK;Grupo de Hilos 1-1;text;true;;1300626;1;1;http://prueba.eco.i-administracion.junta-andalucia.es/eco/inicioComunica.do;;51;UTF-8;1;0;PTLECASTILLA2
1291299502939;91;/eco/eco_cabecera.jsp;200;OK;Grupo de Hilos 1-1;text;true;;16069;1;1;http://prueba.eco.i-administracion.junta-andalucia.es/eco/eco_cabecera.jsp;;12;UTF-8;1;0;PTLECASTILLA2
1291299503030;63;/eco/eco_principal.jsp;200;OK;Grupo de Hilos 1-1;text;true;;3264;1;1;http://prueba.eco.i-administracion.junta-andalucia.es/eco/eco_principal.jsp;;11;UTF-8;1;0;PTLECASTILLA2
1291299503093;95;/eco/eco_principal_botonera.jsp;200;OK;Grupo de Hilos 1-1;text;true;;17161;1;1;http://prueba.eco.i-administracion.junta-andalucia.es/eco/eco_principal_botonera.jsp;;13;UTF-8;1;0;PTLECASTILLA2
1291299503189;28;/eco/eco_comunicaciones_contenido.jsp;200;OK;Grupo de Hilos 1-1;text;true;;509;1;1;http://prueba.eco.i-administracion.junta-andalucia.es/eco/eco_comunicaciones_contenido.jsp;;28;UTF-8;1;0;PTLECASTILLA2
1291299503218;63;/eco/organismosSupervisor.do;200;OK;Grupo de Hilos 1-1;text;true;;7015;1;1;http://prueba.eco.i-administracion.junta-andalucia.es/eco/organismosSupervisor.do;;17;UTF-8;1;0;PTLECASTILLA2
1291299503282;10;/eco/rellenarCamposTransitorios.do;200;OK;Grupo de Hilos 1-1;text;true;;0;1;1;http://prueba.eco.i-administracion.junta-andalucia.es/eco/rellenarCamposTransitorios.do;;10;UTF-8;1;0;PTLECASTILLA2
1291299503293;440;/eco/cargarBandejaEntrada.do;200;OK;Grupo de Hilos 1-1;text;true;;38585;1;1;http://prueba.eco.i-administracion.junta-andalucia.es/eco/cargarBandejaEntrada.do;;204;UTF-8;1;0;PTLECASTILLA2
1291299503734;204;/eco/altaExpedienteProc.do;200;OK;Grupo de Hilos 1-1;text;true;;9229;1;1;http://prueba.eco.i-administracion.junta-andalucia.es/eco/altaExpedienteProc.do;;158;UTF-8;1;0;PTLECASTILLA2
1291299503938;229;/eco/altaExpediente.do;200;OK;Grupo de Hilos 1-1;text;true;;20617;1;1;http://prueba.eco.i-administracion.junta-andalucia.es/eco/altaExpediente.do;;75;UTF-8;1;0;PTLECASTILLA2
1291299504168;531;/eco/cargarArbolOrgExterno.do;200;OK;Grupo de Hilos 1-1;text;true;;20198;1;1;http://prueba.eco.i-administracion.junta-andalucia.es/eco/cargarArbolOrgExterno.do;;481;UTF-8;1;0;PTLECASTILLA2
1291299504700;14;/eco/cargarBusquedaRapida.do;200;OK;Grupo de Hilos 1-1;text;true;;4633;1;1;http://prueba.eco.i-administracion.junta-andalucia.es/eco/cargarBusquedaRapida.do;;14;UTF-8;1;0;PTLECASTILLA2
1291299504715;246;/eco/altaExpedienteFin.do;200;OK;Grupo de Hilos 1-1;text;true;;35494;1;1;http://prueba.eco.i-administracion.junta-andalucia.es/eco/altaExpedienteFin.do;;207;UTF-8;1;0;PTLECASTILLA2
1291299504962;0;Debug Sampler;;;Grupo de Hilos 1-1;text;true;;622;1;1;null;;0;windows-1252;1;0;PTLECASTILLA2
1291299504962;19;/eco/enlaceStruts.do;200;OK;Grupo de Hilos 1-1;text;true;;1619;1;1;http://prueba.eco.i-administracion.junta-andalucia.es/eco/enlaceStruts.do;;19;UTF-8;1;0;PTLECASTILLA2
1291299504982;303;/eco/agenda/verExpediente.do;200;OK;Grupo de Hilos 1-1;text;true;;2265;1;1;http://prueba.eco.i-administracion.junta-andalucia.es/eco/agenda/verExpediente.do;;303;UTF-8;1;0;PTLECASTILLA2
1291299505287;40;/eco/agenda/listarEstadosExpediente.do;200;OK;Grupo de Hilos 1-1;text;true;;1532;1;1;http://prueba.eco.i-administracion.junta-andalucia.es/eco/agenda/listarEstadosExpediente.do;;29;UTF-8;1;0;PTLECASTILLA2
1291299505328;44;/eco/agenda/tr_funciones.jsp;200;OK;Grupo de Hilos 1-1;text;true;;5017;1;1;http://prueba.eco.i-administracion.junta-andalucia.es/eco/agenda/tr_funciones.jsp;;11;UTF-8;1;0;PTLECASTILLA2
1291299505373;127;/eco/agenda/listarTransicionesExpediente.do;200;OK;Grupo de Hilos 1-1;text;true;;5027;1;1;http://prueba.eco.i-administracion.junta-andalucia.es/eco/agenda/tr_expediente_tramita.jsp;;52;UTF-8;1;0;PTLECASTILLA2
1291299505501;70;/eco/agenda/tr_expediente_tramita.jsp;200;OK;Grupo de Hilos 1-1;text;true;;5027;1;1;http://prueba.eco.i-administracion.junta-andalucia.es/eco/agenda/tr_expediente_tramita.jsp;;13;UTF-8;1;0;PTLECASTILLA2
1291299505572;49;/eco/agenda/listarTareas.do;200;OK;Grupo de Hilos 1-1;text;true;;1068;1;1;http://prueba.eco.i-administracion.junta-andalucia.es/eco/agenda/listarTareas.do;;25;UTF-8;1;0;PTLECASTILLA2
1291299505621;57;/eco/agenda/listarDocumentosPermitidos.do;200;OK;Grupo de Hilos 1-1;text;true;;3735;1;1;http://prueba.eco.i-administracion.junta-andalucia.es/eco/agenda/listarDocumentosPermitidos.do;;24;UTF-8;1;0;PTLECASTILLA2
1291299505678;89;/eco/agenda/listarAvisos.do;200;OK;Grupo de Hilos 1-1;text;true;;5928;1;1;http://prueba.eco.i-administracion.junta-andalucia.es/eco/agenda/listarAvisos.do;;40;UTF-8;1;0;PTLECASTILLA2
1291299505767;32;/eco/agenda/listarPestanyas.do;200;OK;Grupo de Hilos 1-1;text;true;;2304;1;1;http://prueba.eco.i-administracion.junta-andalucia.es/eco/agenda/listarPestanyas.do;;19;UTF-8;1;0;PTLECASTILLA2
1291299505800;58;/eco/agenda/listarDocumentos.do;200;OK;Grupo de Hilos 1-1;text;true;;1520;1;1;http://prueba.eco.i-administracion.junta-andalucia.es/eco/agenda/listarDocumentos.do;;31;UTF-8;1;0;PTLECASTILLA2
1291299505858;33;/eco/agenda/tr_navegacion.jsp;200;OK;Grupo de Hilos 1-1;text;true;;2880;1;1;http://prueba.eco.i-administracion.junta-andalucia.es/eco/agenda/tr_navegacion.jsp;;11;UTF-8;1;0;PTLECASTILLA2
1291299505892;10;/eco/agenda/tr_error.jsp;200;OK;Grupo de Hilos 1-1;text;true;;4;1;1;http://prueba.eco.i-administracion.junta-andalucia.es/eco/agenda/tr_error.jsp;;10;UTF-8;1;0;PTLECASTILLA2
1291299505903;12;/eco/agenda/mostrarToolTip.do;200;OK;Grupo de Hilos 1-1;text;true;;1413;1;1;http://prueba.eco.i-administracion.junta-andalucia.es/eco/agenda/mostrarToolTip.do;;12;UTF-8;1;0;PTLECASTILLA2
1291299505916;14;/eco/agenda/mostrarToolTip.do;200;OK;Grupo de Hilos 1-1;text;true;;1409;1;1;http://prueba.eco.i-administracion.junta-andalucia.es/eco/agenda/mostrarToolTip.do;;14;UTF-8;1;0;PTLECASTILLA2
1291299505930;11;/eco/agenda/tr_error.jsp;200;OK;Grupo de Hilos 1-1;text;true;;4;1;1;http://prueba.eco.i-administracion.junta-andalucia.es/eco/agenda/tr_error.jsp;;11;UTF-8;1;0;PTLECASTILLA2
1291299505942;10;/eco/agenda/tr_error.jsp;200;OK;Grupo de Hilos 1-1;text;true;;4;1;1;http://prueba.eco.i-administracion.junta-andalucia.es/eco/agenda/tr_error.jsp;;10;UTF-8;1;0;PTLECASTILLA2
1291299505953;14;/eco/agenda/incorporaDocumento.do;200;OK;Grupo de Hilos 1-1;text;true;;387;1;1;http://prueba.eco.i-administracion.junta-andalucia.es/eco/agenda/incorporaDocumento.do;;14;ISO-8859-1;1;0;PTLECASTILLA2
1291299505967;209;/eco/agenda/tr_incorpora_documentos.jsp;200;OK;Grupo de Hilos 1-1;text;true;;315230;1;1;http://prueba.eco.i-administracion.junta-andalucia.es/eco/agenda/tr_incorpora_documentos.jsp;;15;ISO-8859-1;1;0;PTLECASTILLA2
1291299506177;10;/eco/agenda/tr_error.jsp;200;OK;Grupo de Hilos 1-1;text;true;;4;1;1;http://prueba.eco.i-administracion.junta-andalucia.es/eco/agenda/tr_error.jsp;;10;UTF-8;1;0;PTLECASTILLA2
1291299506187;14;/eco/agenda/incorporaDocumentoConfirmar.do;200;OK;Grupo de Hilos 1-1;text;true;;0;1;1;http://prueba.eco.i-administracion.junta-andalucia.es/eco/agenda/incorporaDocumentoConfirmar.do;;14;UTF-8;1;0;PTLECASTILLA2
1291299506201;594;/eco/incorporaDoc;200;OK;Grupo de Hilos 1-1;text;true;;315230;1;1;http://prueba.eco.i-administracion.junta-andalucia.es/eco/agenda/tr_incorpora_documentos.jsp;;358;ISO-8859-1;1;0;PTLECASTILLA2
1291299506795;200;/eco/agenda/tr_incorpora_documentos.jsp;200;OK;Grupo de Hilos 1-1;text;true;;315230;1;1;http://prueba.eco.i-administracion.junta-andalucia.es/eco/agenda/tr_incorpora_documentos.jsp;;18;ISO-8859-1;1;0;PTLECASTILLA2
1291299506996;22;/eco/agenda/tr_resultado_incorporar.jsp;200;OK;Grupo de Hilos 1-1;text;false;;2604;1;1;http://prueba.eco.i-administracion.junta-andalucia.es/eco/agenda/tr_resultado_incorporar.jsp;;11;ISO-8859-1;1;1;PTLECASTILLA2
1291299507019;195;/eco/agenda/verExpediente.do;200;OK;Grupo de Hilos 1-1;text;true;;2265;1;1;http://prueba.eco.i-administracion.junta-andalucia.es/eco/agenda/verExpediente.do;;195;UTF-8;1;0;PTLECASTILLA2
1291299507216;42;/eco/agenda/listarEstadosExpediente.do;200;OK;Grupo de Hilos 1-1;text;true;;1532;1;1;http://prueba.eco.i-administracion.junta-andalucia.es/eco/agenda/listarEstadosExpediente.do;;31;UTF-8;1;0;PTLECASTILLA2
1291299507259;45;/eco/agenda/tr_funciones.jsp;200;OK;Grupo de Hilos 1-1;text;true;;5017;1;1;http://prueba.eco.i-administracion.junta-andalucia.es/eco/agenda/tr_funciones.jsp;;11;UTF-8;1;0;PTLECASTILLA2
1291299507305;140;/eco/agenda/listarTransicionesExpediente.do;200;OK;Grupo de Hilos 1-1;text;true;;6039;1;1;http://prueba.eco.i-administracion.junta-andalucia.es/eco/agenda/tr_expediente_tramita.jsp;;69;UTF-8;1;0;PTLECASTILLA2
1291299507445;64;/eco/agenda/tr_expediente_tramita.jsp;200;OK;Grupo de Hilos 1-1;text;true;;6039;1;1;http://prueba.eco.i-administracion.junta-andalucia.es/eco/agenda/tr_expediente_tramita.jsp;;13;UTF-8;1;0;PTLECASTILLA2
1291299507510;49;/eco/agenda/listarTareas.do;200;OK;Grupo de Hilos 1-1;text;true;;1068;1;1;http://prueba.eco.i-administracion.junta-andalucia.es/eco/agenda/listarTareas.do;;25;UTF-8;1;0;PTLECASTILLA2
1291299507559;69;/eco/agenda/listarDocumentosPermitidos.do;200;OK;Grupo de Hilos 1-1;text;true;;3735;1;1;http://prueba.eco.i-administracion.junta-andalucia.es/eco/agenda/listarDocumentosPermitidos.do;;29;UTF-8;1;0;PTLECASTILLA2
1291299507629;60;/eco/agenda/tr_otras_informaciones.jsp;200;OK;Grupo de Hilos 1-1;text;true;;5928;1;1;http://prueba.eco.i-administracion.junta-andalucia.es/eco/agenda/tr_otras_informaciones.jsp;;13;UTF-8;1;0;PTLECASTILLA2
1291299507690;638;/eco/agenda/listarPestanyas.do;200;OK;Grupo de Hilos 1-1;text;true;;2304;1;1;http://prueba.eco.i-administracion.junta-andalucia.es/eco/agenda/listarPestanyas.do;;622;UTF-8;1;0;PTLECASTILLA2
1291299508328;128;/eco/agenda/listarDocumentos.do;200;OK;Grupo de Hilos 1-1;text;true;;8758;1;1;http://prueba.eco.i-administracion.junta-andalucia.es/eco/agenda/listarDocumentos.do;;36;UTF-8;1;0;PTLECASTILLA2
1291299508456;11;/eco/agenda/tr_error.jsp;200;OK;Grupo de Hilos 1-1;text;true;;4;1;1;http://prueba.eco.i-administracion.junta-andalucia.es/eco/agenda/tr_error.jsp;;11;UTF-8;1;0;PTLECASTILLA2
1291299508467;26;/eco/agenda/listarAvisosCondiciones.do;200;OK;Grupo de Hilos 1-1;text;true;;0;1;1;http://prueba.eco.i-administracion.junta-andalucia.es/eco/agenda/listarAvisosCondiciones.do;;26;UTF-8;1;0;PTLECASTILLA2
1291299508493;13;/eco/agenda/tr_error.jsp;200;OK;Grupo de Hilos 1-1;text;true;;4;1;1;http://prueba.eco.i-administracion.junta-andalucia.es/eco/agenda/tr_error.jsp;;13;UTF-8;1;0;PTLECASTILLA2
1291299508506;195;/eco/agenda/tramita.do;200;OK;Grupo de Hilos 1-1;text;true;;0;1;1;http://prueba.eco.i-administracion.junta-andalucia.es/eco/agenda/tramita.do;;195;UTF-8;1;0;PTLECASTILLA2
1291299508701;35;/eco/agenda/listarEstadosExpediente.do;200;OK;Grupo de Hilos 1-1;text;true;;1558;1;1;http://prueba.eco.i-administracion.junta-andalucia.es/eco/agenda/listarEstadosExpediente.do;;24;UTF-8;1;0;PTLECASTILLA2
1291299508737;107;/eco/agenda/listarTransicionesExpediente.do;200;OK;Grupo de Hilos 1-1;text;true;;1587;1;1;http://prueba.eco.i-administracion.junta-andalucia.es/eco/agenda/tr_expediente_tramita.jsp;;51;UTF-8;1;0;PTLECASTILLA2
1291299508844;47;/eco/agenda/tr_expediente_tramita.jsp;200;OK;Grupo de Hilos 1-1;text;true;;1587;1;1;http://prueba.eco.i-administracion.junta-andalucia.es/eco/agenda/tr_expediente_tramita.jsp;;12;UTF-8;1;0;PTLECASTILLA2
1291299508891;45;/eco/agenda/listarTareas.do;200;OK;Grupo de Hilos 1-1;text;true;;1068;1;1;http://prueba.eco.i-administracion.junta-andalucia.es/eco/agenda/listarTareas.do;;23;UTF-8;1;0;PTLECASTILLA2
1291299508936;50;/eco/agenda/listarDocumentosPermitidos.do;200;OK;Grupo de Hilos 1-1;text;true;;911;1;1;http://prueba.eco.i-administracion.junta-andalucia.es/eco/agenda/listarDocumentosPermitidos.do;;29;UTF-8;1;0;PTLECASTILLA2
1291299508986;10;/eco/agenda/tr_error.jsp;200;OK;Grupo de Hilos 1-1;text;true;;4;1;1;http://prueba.eco.i-administracion.junta-andalucia.es/eco/agenda/tr_error.jsp;;10;UTF-8;1;0;PTLECASTILLA2
1291299508997;39;/eco/salir.do;200;OK;Grupo de Hilos 1-1;text;true;;33406;1;1;http://prueba.eco.i-administracion.junta-andalucia.es/eco/salir.do;;14;UTF-8;1;0;PTLECASTILLA2
1291299509036;35;/eco/;200;OK;Grupo de Hilos 1-1;text;true;;39044;1;1;http://prueba.eco.i-administracion.junta-andalucia.es/eco/;;12;UTF-8;1;0;PTLECASTILLA2
1291299509072;137;/eco/admin/cargaInicialXML.do;200;OK;Grupo de Hilos 1-1;text;false;;6154;1;1;http://prueba.eco.i-administracion.junta-andalucia.es/eco/admin/cargaInicialXML.do;;71;UTF-8;1;1;PTLECASTILLA2
1291299509210;1062;/eco/inicioUsuarioPassword.do;200;OK;Grupo de Hilos 1-1;text;true;;1159158;1;1;http://prueba.eco.i-administracion.junta-andalucia.es/eco/inicioUsuarioPassword.do;;16;UTF-8;1;0;PTLECASTILLA2
1291299510272;12;/eco/eco_acceso_usu_cont_contenido.jsp;200;OK;Grupo de Hilos 1-1;text;true;;2849;1;1;http://prueba.eco.i-administracion.junta-andalucia.es/eco/eco_acceso_usu_cont_contenido.jsp;;12;UTF-8;1;0;PTLECASTILLA2
1291299510284;352;/eco/validarLogin.do;200;OK;Grupo de Hilos 1-1;text;true;;75648;1;1;http://prueba.eco.i-administracion.junta-andalucia.es/eco/validarLogin.do;;266;UTF-8;1;0;PTLECASTILLA2
1291299510636;973;/eco/inicioComunica.do;200;OK;Grupo de Hilos 1-1;text;true;;1300626;1;1;http://prueba.eco.i-administracion.junta-andalucia.es/eco/inicioComunica.do;;35;UTF-8;1;0;PTLECASTILLA2
1291299511609;91;/eco/eco_cabecera.jsp;200;OK;Grupo de Hilos 1-1;text;true;;16069;1;1;http://prueba.eco.i-administracion.junta-andalucia.es/eco/eco_cabecera.jsp;;12;UTF-8;1;0;PTLECASTILLA2
1291299511700;63;/eco/eco_principal.jsp;200;OK;Grupo de Hilos 1-1;text;true;;3264;1;1;http://prueba.eco.i-administracion.junta-andalucia.es/eco/eco_principal.jsp;;11;UTF-8;1;0;PTLECASTILLA2
1291299511763;115;/eco/eco_principal_botonera.jsp;200;OK;Grupo de Hilos 1-1;text;true;;17161;1;1;http://prueba.eco.i-administracion.junta-andalucia.es/eco/eco_principal_botonera.jsp;;12;UTF-8;1;0;PTLECASTILLA2
1291299511878;41;/eco/eco_comunicaciones_contenido.jsp;200;OK;Grupo de Hilos 1-1;text;true;;509;1;1;http://prueba.eco.i-administracion.junta-andalucia.es/eco/eco_comunicaciones_contenido.jsp;;41;UTF-8;1;0;PTLECASTILLA2
1291299511921;81;/eco/organismosSupervisor.do;200;OK;Grupo de Hilos 1-1;text;true;;7015;1;1;http://prueba.eco.i-administracion.junta-andalucia.es/eco/organismosSupervisor.do;;33;UTF-8;1;0;PTLECASTILLA2
1291299512002;11;/eco/rellenarCamposTransitorios.do;200;OK;Grupo de Hilos 1-1;text;true;;0;1;1;http://prueba.eco.i-administracion.junta-andalucia.es/eco/rellenarCamposTransitorios.do;;11;UTF-8;1;0;PTLECASTILLA2
1291299512013;517;/eco/cargarBandejaEntrada.do;200;OK;Grupo de Hilos 1-1;text;true;;38585;1;1;http://prueba.eco.i-administracion.junta-andalucia.es/eco/cargarBandejaEntrada.do;;321;UTF-8;1;0;PTLECASTILLA2
1291299512530;129;/eco/altaExpedienteProc.do;200;OK;Grupo de Hilos 1-1;text;true;;9229;1;1;http://prueba.eco.i-administracion.junta-andalucia.es/eco/altaExpedienteProc.do;;79;UTF-8;1;0;PTLECASTILLA2
1291299512660;173;/eco/altaExpediente.do;200;OK;Grupo de Hilos 1-1;text;true;;20617;1;1;http://prueba.eco.i-administracion.junta-andalucia.es/eco/altaExpediente.do;;33;UTF-8;1;0;PTLECASTILLA2
1291299512833;251;/eco/cargarArbolOrgExterno.do;200;OK;Grupo de Hilos 1-1;text;true;;20198;1;1;http://prueba.eco.i-administracion.junta-andalucia.es/eco/cargarArbolOrgExterno.do;;206;UTF-8;1;0;PTLECASTILLA2
1291299513084;15;/eco/cargarBusquedaRapida.do;200;OK;Grupo de Hilos 1-1;text;true;;4633;1;1;http://prueba.eco.i-administracion.junta-andalucia.es/eco/cargarBusquedaRapida.do;;15;UTF-8;1;0;PTLECASTILLA2
1291299513099;149;/eco/altaExpedienteFin.do;200;OK;Grupo de Hilos 1-1;text;true;;35494;1;1;http://prueba.eco.i-administracion.junta-andalucia.es/eco/altaExpedienteFin.do;;107;UTF-8;1;0;PTLECASTILLA2
1291299513249;0;Debug Sampler;;;Grupo de Hilos 1-1;text;true;;622;1;1;null;;0;windows-1252;1;0;PTLECASTILLA2
1291299513249;14;/eco/enlaceStruts.do;200;OK;Grupo de Hilos 1-1;text;true;;1619;1;1;http://prueba.eco.i-administracion.junta-andalucia.es/eco/enlaceStruts.do;;14;UTF-8;1;0;PTLECASTILLA2
1291299513264;291;/eco/agenda/verExpediente.do;200;OK;Grupo de Hilos 1-1;text;true;;2265;1;1;http://prueba.eco.i-administracion.junta-andalucia.es/eco/agenda/verExpediente.do;;291;UTF-8;1;0;PTLECASTILLA2
1291299513556;41;/eco/agenda/listarEstadosExpediente.do;200;OK;Grupo de Hilos 1-1;text;true;;1532;1;1;http://prueba.eco.i-administracion.junta-andalucia.es/eco/agenda/listarEstadosExpediente.do;;26;UTF-8;1;0;PTLECASTILLA2
1291299513597;52;/eco/agenda/tr_funciones.jsp;200;OK;Grupo de Hilos 1-1;text;true;;5017;1;1;http://prueba.eco.i-administracion.junta-andalucia.es/eco/agenda/tr_funciones.jsp;;14;UTF-8;1;0;PTLECASTILLA2
1291299513650;130;/eco/agenda/listarTransicionesExpediente.do;200;OK;Grupo de Hilos 1-1;text;true;;5027;1;1;http://prueba.eco.i-administracion.junta-andalucia.es/eco/agenda/tr_expediente_tramita.jsp;;58;UTF-8;1;0;PTLECASTILLA2
1291299513780;70;/eco/agenda/tr_expediente_tramita.jsp;200;OK;Grupo de Hilos 1-1;text;true;;5027;1;1;http://prueba.eco.i-administracion.junta-andalucia.es/eco/agenda/tr_expediente_tramita.jsp;;11;UTF-8;1;0;PTLECASTILLA2
1291299513850;46;/eco/agenda/listarTareas.do;200;OK;Grupo de Hilos 1-1;text;true;;1068;1;1;http://prueba.eco.i-administracion.junta-andalucia.es/eco/agenda/listarTareas.do;;23;UTF-8;1;0;PTLECASTILLA2
1291299513896;57;/eco/agenda/listarDocumentosPermitidos.do;200;OK;Grupo de Hilos 1-1;text;true;;3735;1;1;http://prueba.eco.i-administracion.junta-andalucia.es/eco/agenda/listarDocumentosPermitidos.do;;23;UTF-8;1;0;PTLECASTILLA2
1291299513953;78;/eco/agenda/listarAvisos.do;200;OK;Grupo de Hilos 1-1;text;true;;5928;1;1;http://prueba.eco.i-administracion.junta-andalucia.es/eco/agenda/listarAvisos.do;;34;UTF-8;1;0;PTLECASTILLA2
1291299514032;27;/eco/agenda/listarPestanyas.do;200;OK;Grupo de Hilos 1-1;text;true;;2304;1;1;http://prueba.eco.i-administracion.junta-andalucia.es/eco/agenda/listarPestanyas.do;;16;UTF-8;1;0;PTLECASTILLA2
1291299514060;40;/eco/agenda/listarDocumentos.do;200;OK;Grupo de Hilos 1-1;text;true;;1520;1;1;http://prueba.eco.i-administracion.junta-andalucia.es/eco/agenda/listarDocumentos.do;;19;UTF-8;1;0;PTLECASTILLA2
1291299514100;34;/eco/agenda/tr_navegacion.jsp;200;OK;Grupo de Hilos 1-1;text;true;;2880;1;1;http://prueba.eco.i-administracion.junta-andalucia.es/eco/agenda/tr_navegacion.jsp;;12;UTF-8;1;0;PTLECASTILLA2
1291299514134;11;/eco/agenda/tr_error.jsp;200;OK;Grupo de Hilos 1-1;text;true;;4;1;1;http://prueba.eco.i-administracion.junta-andalucia.es/eco/agenda/tr_error.jsp;;11;UTF-8;1;0;PTLECASTILLA2
1291299514145;13;/eco/agenda/mostrarToolTip.do;200;OK;Grupo de Hilos 1-1;text;true;;1413;1;1;http://prueba.eco.i-administracion.junta-andalucia.es/eco/agenda/mostrarToolTip.do;;13;UTF-8;1;0;PTLECASTILLA2
1291299514159;43;/eco/agenda/mostrarToolTip.do;200;OK;Grupo de Hilos 1-1;text;true;;1409;1;1;http://prueba.eco.i-administracion.junta-andalucia.es/eco/agenda/mostrarToolTip.do;;43;UTF-8;1;0;PTLECASTILLA2
1291299514203;12;/eco/agenda/tr_error.jsp;200;OK;Grupo de Hilos 1-1;text;true;;4;1;1;http://prueba.eco.i-administracion.junta-andalucia.es/eco/agenda/tr_error.jsp;;12;UTF-8;1;0;PTLECASTILLA2
1291299514216;11;/eco/agenda/tr_error.jsp;200;OK;Grupo de Hilos 1-1;text;true;;4;1;1;http://prueba.eco.i-administracion.junta-andalucia.es/eco/agenda/tr_error.jsp;;11;UTF-8;1;0;PTLECASTILLA2
1291299514228;13;/eco/agenda/incorporaDocumento.do;200;OK;Grupo de Hilos 1-1;text;true;;387;1;1;http://prueba.eco.i-administracion.junta-andalucia.es/eco/agenda/incorporaDocumento.do;;13;ISO-8859-1;1;0;PTLECASTILLA2
1291299514242;196;/eco/agenda/tr_incorpora_documentos.jsp;200;OK;Grupo de Hilos 1-1;text;true;;315230;1;1;http://prueba.eco.i-administracion.junta-andalucia.es/eco/agenda/tr_incorpora_documentos.jsp;;14;ISO-8859-1;1;0;PTLECASTILLA2
1291299514490;14;/eco/agenda/tr_error.jsp;200;OK;Grupo de Hilos 1-1;text;true;;4;1;1;http://prueba.eco.i-administracion.junta-andalucia.es/eco/agenda/tr_error.jsp;;14;UTF-8;1;0;PTLECASTILLA2
1291299514505;11;/eco/agenda/incorporaDocumentoConfirmar.do;200;OK;Grupo de Hilos 1-1;text;true;;0;1;1;http://prueba.eco.i-administracion.junta-andalucia.es/eco/agenda/incorporaDocumentoConfirmar.do;;11;UTF-8;1;0;PTLECASTILLA2
1291299514517;411;/eco/incorporaDoc;200;OK;Grupo de Hilos 1-1;text;true;;315230;1;1;http://prueba.eco.i-administracion.junta-andalucia.es/eco/agenda/tr_incorpora_documentos.jsp;;206;ISO-8859-1;1;0;PTLECASTILLA2
1291299514928;196;/eco/agenda/tr_incorpora_documentos.jsp;200;OK;Grupo de Hilos 1-1;text;true;;315230;1;1;http://prueba.eco.i-administracion.junta-andalucia.es/eco/agenda/tr_incorpora_documentos.jsp;;12;ISO-8859-1;1;0;PTLECASTILLA2
1291299515124;27;/eco/agenda/tr_resultado_incorporar.jsp;200;OK;Grupo de Hilos 1-1;text;false;;2604;1;1;http://prueba.eco.i-administracion.junta-andalucia.es/eco/agenda/tr_resultado_incorporar.jsp;;12;ISO-8859-1;1;1;PTLECASTILLA2
1291299515151;115;/eco/agenda/verExpediente.do;200;OK;Grupo de Hilos 1-1;text;true;;2265;1;1;http://prueba.eco.i-administracion.junta-andalucia.es/eco/agenda/verExpediente.do;;115;UTF-8;1;0;PTLECASTILLA2
1291299515268;30;/eco/agenda/listarEstadosExpediente.do;200;OK;Grupo de Hilos 1-1;text;true;;1532;1;1;http://prueba.eco.i-administracion.junta-andalucia.es/eco/agenda/listarEstadosExpediente.do;;20;UTF-8;1;0;PTLECASTILLA2
1291299515299;43;/eco/agenda/tr_funciones.jsp;200;OK;Grupo de Hilos 1-1;text;true;;5017;1;1;http://prueba.eco.i-administracion.junta-andalucia.es/eco/agenda/tr_funciones.jsp;;11;UTF-8;1;0;PTLECASTILLA2
1291299515342;144;/eco/agenda/listarTransicionesExpediente.do;200;OK;Grupo de Hilos 1-1;text;true;;6039;1;1;http://prueba.eco.i-administracion.junta-andalucia.es/eco/agenda/tr_expediente_tramita.jsp;;77;UTF-8;1;0;PTLECASTILLA2
1291299515486;67;/eco/agenda/tr_expediente_tramita.jsp;200;OK;Grupo de Hilos 1-1;text;true;;6039;1;1;http://prueba.eco.i-administracion.junta-andalucia.es/eco/agenda/tr_expediente_tramita.jsp;;13;UTF-8;1;0;PTLECASTILLA2
1291299515554;43;/eco/agenda/listarTareas.do;200;OK;Grupo de Hilos 1-1;text;true;;1068;1;1;http://prueba.eco.i-administracion.junta-andalucia.es/eco/agenda/listarTareas.do;;19;UTF-8;1;0;PTLECASTILLA2
1291299515597;58;/eco/agenda/listarDocumentosPermitidos.do;200;OK;Grupo de Hilos 1-1;text;true;;3735;1;1;http://prueba.eco.i-administracion.junta-andalucia.es/eco/agenda/listarDocumentosPermitidos.do;;23;UTF-8;1;0;PTLECASTILLA2
1291299515655;53;/eco/agenda/tr_otras_informaciones.jsp;200;OK;Grupo de Hilos 1-1;text;true;;5928;1;1;http://prueba.eco.i-administracion.junta-andalucia.es/eco/agenda/tr_otras_informaciones.jsp;;12;UTF-8;1;0;PTLECASTILLA2
1291299515708;28;/eco/agenda/listarPestanyas.do;200;OK;Grupo de Hilos 1-1;text;true;;2304;1;1;http://prueba.eco.i-administracion.junta-andalucia.es/eco/agenda/listarPestanyas.do;;16;UTF-8;1;0;PTLECASTILLA2
1291299515737;105;/eco/agenda/listarDocumentos.do;200;OK;Grupo de Hilos 1-1;text;true;;8758;1;1;http://prueba.eco.i-administracion.junta-andalucia.es/eco/agenda/listarDocumentos.do;;26;UTF-8;1;0;PTLECASTILLA2
1291299515842;12;/eco/agenda/tr_error.jsp;200;OK;Grupo de Hilos 1-1;text;true;;4;1;1;http://prueba.eco.i-administracion.junta-andalucia.es/eco/agenda/tr_error.jsp;;12;UTF-8;1;0;PTLECASTILLA2
1291299515854;18;/eco/agenda/listarAvisosCondiciones.do;200;OK;Grupo de Hilos 1-1;text;true;;0;1;1;http://prueba.eco.i-administracion.junta-andalucia.es/eco/agenda/listarAvisosCondiciones.do;;18;UTF-8;1;0;PTLECASTILLA2
1291299515873;10;/eco/agenda/tr_error.jsp;200;OK;Grupo de Hilos 1-1;text;true;;4;1;1;http://prueba.eco.i-administracion.junta-andalucia.es/eco/agenda/tr_error.jsp;;10;UTF-8;1;0;PTLECASTILLA2
1291299515883;157;/eco/agenda/tramita.do;200;OK;Grupo de Hilos 1-1;text;true;;0;1;1;http://prueba.eco.i-administracion.junta-andalucia.es/eco/agenda/tramita.do;;157;UTF-8;1;0;PTLECASTILLA2
1291299516041;33;/eco/agenda/listarEstadosExpediente.do;200;OK;Grupo de Hilos 1-1;text;true;;1558;1;1;http://prueba.eco.i-administracion.junta-andalucia.es/eco/agenda/listarEstadosExpediente.do;;22;UTF-8;1;0;PTLECASTILLA2
1291299516074;3106;/eco/agenda/listarTransicionesExpediente.do;200;OK;Grupo de Hilos 1-1;text;true;;1587;1;1;http://prueba.eco.i-administracion.junta-andalucia.es/eco/agenda/tr_expediente_tramita.jsp;;50;UTF-8;1;0;PTLECASTILLA2
1291299519181;45;/eco/agenda/tr_expediente_tramita.jsp;200;OK;Grupo de Hilos 1-1;text;true;;1587;1;1;http://prueba.eco.i-administracion.junta-andalucia.es/eco/agenda/tr_expediente_tramita.jsp;;14;UTF-8;1;0;PTLECASTILLA2
1291299519226;41;/eco/agenda/listarTareas.do;200;OK;Grupo de Hilos 1-1;text;true;;1068;1;1;http://prueba.eco.i-administracion.junta-andalucia.es/eco/agenda/listarTareas.do;;21;UTF-8;1;0;PTLECASTILLA2
1291299519267;39;/eco/agenda/listarDocumentosPermitidos.do;200;OK;Grupo de Hilos 1-1;text;true;;911;1;1;http://prueba.eco.i-administracion.junta-andalucia.es/eco/agenda/listarDocumentosPermitidos.do;;19;UTF-8;1;0;PTLECASTILLA2
1291299519307;10;/eco/agenda/tr_error.jsp;200;OK;Grupo de Hilos 1-1;text;true;;4;1;1;http://prueba.eco.i-administracion.junta-andalucia.es/eco/agenda/tr_error.jsp;;10;UTF-8;1;0;PTLECASTILLA2
1291299519317;40;/eco/salir.do;200;OK;Grupo de Hilos 1-1;text;true;;33406;1;1;http://prueba.eco.i-administracion.junta-andalucia.es/eco/salir.do;;15;UTF-8;1;0;PTLECASTILLA2
1291299519358;36;/eco/;200;OK;Grupo de Hilos 1-1;text;true;;39044;1;1;http://prueba.eco.i-administracion.junta-andalucia.es/eco/;;12;UTF-8;1;0;PTLECASTILLA2
1291299519394;133;/eco/admin/cargaInicialXML.do;200;OK;Grupo de Hilos 1-1;text;false;;6154;1;1;http://prueba.eco.i-administracion.junta-andalucia.es/eco/admin/cargaInicialXML.do;;84;UTF-8;1;1;PTLECASTILLA2
1291299519528;1048;/eco/inicioUsuarioPassword.do;200;OK;Grupo de Hilos 1-1;text;true;;1159158;1;1;http://prueba.eco.i-administracion.junta-andalucia.es/eco/inicioUsuarioPassword.do;;13;UTF-8;1;0;PTLECASTILLA2
1291299520576;14;/eco/eco_acceso_usu_cont_contenido.jsp;200;OK;Grupo de Hilos 1-1;text;true;;2849;1;1;http://prueba.eco.i-administracion.junta-andalucia.es/eco/eco_acceso_usu_cont_contenido.jsp;;14;UTF-8;1;0;PTLECASTILLA2
1291299520591;328;/eco/validarLogin.do;200;OK;Grupo de Hilos 1-1;text;true;;75648;1;1;http://prueba.eco.i-administracion.junta-andalucia.es/eco/validarLogin.do;;253;UTF-8;1;0;PTLECASTILLA2
1291299520920;953;/eco/inicioComunica.do;200;OK;Grupo de Hilos 1-1;text;true;;1300626;1;1;http://prueba.eco.i-administracion.junta-andalucia.es/eco/inicioComunica.do;;21;UTF-8;1;0;PTLECASTILLA2
1291299521873;88;/eco/eco_cabecera.jsp;200;OK;Grupo de Hilos 1-1;text;true;;16069;1;1;http://prueba.eco.i-administracion.junta-andalucia.es/eco/eco_cabecera.jsp;;12;UTF-8;1;0;PTLECASTILLA2
1291299521962;65;/eco/eco_principal.jsp;200;OK;Grupo de Hilos 1-1;text;true;;3264;1;1;http://prueba.eco.i-administracion.junta-andalucia.es/eco/eco_principal.jsp;;11;UTF-8;1;0;PTLECASTILLA2
1291299522027;95;/eco/eco_principal_botonera.jsp;200;OK;Grupo de Hilos 1-1;text;true;;17161;1;1;http://prueba.eco.i-administracion.junta-andalucia.es/eco/eco_principal_botonera.jsp;;14;UTF-8;1;0;PTLECASTILLA2
1291299522122;11;/eco/eco_comunicaciones_contenido.jsp;200;OK;Grupo de Hilos 1-1;text;true;;509;1;1;http://prueba.eco.i-administracion.junta-andalucia.es/eco/eco_comunicaciones_contenido.jsp;;11;UTF-8;1;0;PTLECASTILLA2
1291299522133;61;/eco/organismosSupervisor.do;200;OK;Grupo de Hilos 1-1;text;true;;7015;1;1;http://prueba.eco.i-administracion.junta-andalucia.es/eco/organismosSupervisor.do;;17;UTF-8;1;0;PTLECASTILLA2
1291299522194;11;/eco/rellenarCamposTransitorios.do;200;OK;Grupo de Hilos 1-1;text;true;;0;1;1;http://prueba.eco.i-administracion.junta-andalucia.es/eco/rellenarCamposTransitorios.do;;11;UTF-8;1;0;PTLECASTILLA2
1291299522205;390;/eco/cargarBandejaEntrada.do;200;OK;Grupo de Hilos 1-1;text;true;;38585;1;1;http://prueba.eco.i-administracion.junta-andalucia.es/eco/cargarBandejaEntrada.do;;222;UTF-8;1;0;PTLECASTILLA2
1291299522596;112;/eco/altaExpedienteProc.do;200;OK;Grupo de Hilos 1-1;text;true;;9229;1;1;http://prueba.eco.i-administracion.junta-andalucia.es/eco/altaExpedienteProc.do;;79;UTF-8;1;0;PTLECASTILLA2
1291299522708;161;/eco/altaExpediente.do;200;OK;Grupo de Hilos 1-1;text;true;;20617;1;1;http://prueba.eco.i-administracion.junta-andalucia.es/eco/altaExpediente.do;;32;UTF-8;1;0;PTLECASTILLA2
1291299522869;262;/eco/cargarArbolOrgExterno.do;200;OK;Grupo de Hilos 1-1;text;true;;20198;1;1;http://prueba.eco.i-administracion.junta-andalucia.es/eco/cargarArbolOrgExterno.do;;218;UTF-8;1;0;PTLECASTILLA2
1291299523131;13;/eco/cargarBusquedaRapida.do;200;OK;Grupo de Hilos 1-1;text;true;;4633;1;1;http://prueba.eco.i-administracion.junta-andalucia.es/eco/cargarBusquedaRapida.do;;12;UTF-8;1;0;PTLECASTILLA2
1291299523144;179;/eco/altaExpedienteFin.do;200;OK;Grupo de Hilos 1-1;text;true;;35494;1;1;http://prueba.eco.i-administracion.junta-andalucia.es/eco/altaExpedienteFin.do;;139;UTF-8;1;0;PTLECASTILLA2
1291299523324;0;Debug Sampler;;;Grupo de Hilos 1-1;text;true;;622;1;1;null;;0;windows-1252;1;0;PTLECASTILLA2
1291299523324;14;/eco/enlaceStruts.do;200;OK;Grupo de Hilos 1-1;text;true;;1619;1;1;http://prueba.eco.i-administracion.junta-andalucia.es/eco/enlaceStruts.do;;14;UTF-8;1;0;PTLECASTILLA2
1291299523339;123;/eco/agenda/verExpediente.do;200;OK;Grupo de Hilos 1-1;text;true;;2265;1;1;http://prueba.eco.i-administracion.junta-andalucia.es/eco/agenda/verExpediente.do;;123;UTF-8;1;0;PTLECASTILLA2
1291299523463;34;/eco/agenda/listarEstadosExpediente.do;200;OK;Grupo de Hilos 1-1;text;true;;1532;1;1;http://prueba.eco.i-administracion.junta-andalucia.es/eco/agenda/listarEstadosExpediente.do;;23;UTF-8;1;0;PTLECASTILLA2
1291299523497;45;/eco/agenda/tr_funciones.jsp;200;OK;Grupo de Hilos 1-1;text;true;;5017;1;1;http://prueba.eco.i-administracion.junta-andalucia.es/eco/agenda/tr_funciones.jsp;;12;UTF-8;1;0;PTLECASTILLA2
1291299523542;112;/eco/agenda/listarTransicionesExpediente.do;200;OK;Grupo de Hilos 1-1;text;true;;5027;1;1;http://prueba.eco.i-administracion.junta-andalucia.es/eco/agenda/tr_expediente_tramita.jsp;;38;UTF-8;1;0;PTLECASTILLA2
1291299523654;61;/eco/agenda/tr_expediente_tramita.jsp;200;OK;Grupo de Hilos 1-1;text;true;;5027;1;1;http://prueba.eco.i-administracion.junta-andalucia.es/eco/agenda/tr_expediente_tramita.jsp;;12;UTF-8;1;0;PTLECASTILLA2
1291299523715;42;/eco/agenda/listarTareas.do;200;OK;Grupo de Hilos 1-1;text;true;;1068;1;1;http://prueba.eco.i-administracion.junta-andalucia.es/eco/agenda/listarTareas.do;;20;UTF-8;1;0;PTLECASTILLA2
1291299523757;64;/eco/agenda/listarDocumentosPermitidos.do;200;OK;Grupo de Hilos 1-1;text;true;;3735;1;1;http://prueba.eco.i-administracion.junta-andalucia.es/eco/agenda/listarDocumentosPermitidos.do;;26;UTF-8;1;0;PTLECASTILLA2
1291299523822;160;/eco/agenda/listarAvisos.do;200;OK;Grupo de Hilos 1-1;text;true;;5928;1;1;http://prueba.eco.i-administracion.junta-andalucia.es/eco/agenda/listarAvisos.do;;112;UTF-8;1;0;PTLECASTILLA2
1291299523982;43;/eco/agenda/listarPestanyas.do;200;OK;Grupo de Hilos 1-1;text;true;;2304;1;1;http://prueba.eco.i-administracion.junta-andalucia.es/eco/agenda/listarPestanyas.do;;30;UTF-8;1;0;PTLECASTILLA2
1291299524025;55;/eco/agenda/listarDocumentos.do;200;OK;Grupo de Hilos 1-1;text;true;;1520;1;1;http://prueba.eco.i-administracion.junta-andalucia.es/eco/agenda/listarDocumentos.do;;27;UTF-8;1;0;PTLECASTILLA2
1291299524080;36;/eco/agenda/tr_navegacion.jsp;200;OK;Grupo de Hilos 1-1;text;true;;2880;1;1;http://prueba.eco.i-administracion.junta-andalucia.es/eco/agenda/tr_navegacion.jsp;;11;UTF-8;1;0;PTLECASTILLA2
1291299524117;10;/eco/agenda/tr_error.jsp;200;OK;Grupo de Hilos 1-1;text;true;;4;1;1;http://prueba.eco.i-administracion.junta-andalucia.es/eco/agenda/tr_error.jsp;;10;UTF-8;1;0;PTLECASTILLA2
1291299524127;12;/eco/agenda/mostrarToolTip.do;200;OK;Grupo de Hilos 1-1;text;true;;1413;1;1;http://prueba.eco.i-administracion.junta-andalucia.es/eco/agenda/mostrarToolTip.do;;12;UTF-8;1;0;PTLECASTILLA2
1291299524140;12;/eco/agenda/mostrarToolTip.do;200;OK;Grupo de Hilos 1-1;text;true;;1409;1;1;http://prueba.eco.i-administracion.junta-andalucia.es/eco/agenda/mostrarToolTip.do;;12;UTF-8;1;0;PTLECASTILLA2
1291299524152;10;/eco/agenda/tr_error.jsp;200;OK;Grupo de Hilos 1-1;text;true;;4;1;1;http://prueba.eco.i-administracion.junta-andalucia.es/eco/agenda/tr_error.jsp;;10;UTF-8;1;0;PTLECASTILLA2
1291299524163;10;/eco/agenda/tr_error.jsp;200;OK;Grupo de Hilos 1-1;text;true;;4;1;1;http://prueba.eco.i-administracion.junta-andalucia.es/eco/agenda/tr_error.jsp;;9;UTF-8;1;0;PTLECASTILLA2
1291299524173;12;/eco/agenda/incorporaDocumento.do;200;OK;Grupo de Hilos 1-1;text;true;;387;1;1;http://prueba.eco.i-administracion.junta-andalucia.es/eco/agenda/incorporaDocumento.do;;12;ISO-8859-1;1;0;PTLECASTILLA2
1291299524186;232;/eco/agenda/tr_incorpora_documentos.jsp;200;OK;Grupo de Hilos 1-1;text;true;;315230;1;1;http://prueba.eco.i-administracion.junta-andalucia.es/eco/agenda/tr_incorpora_documentos.jsp;;11;ISO-8859-1;1;0;PTLECASTILLA2
1291299524419;10;/eco/agenda/tr_error.jsp;200;OK;Grupo de Hilos 1-1;text;true;;4;1;1;http://prueba.eco.i-administracion.junta-andalucia.es/eco/agenda/tr_error.jsp;;10;UTF-8;1;0;PTLECASTILLA2
1291299524429;11;/eco/agenda/incorporaDocumentoConfirmar.do;200;OK;Grupo de Hilos 1-1;text;true;;0;1;1;http://prueba.eco.i-administracion.junta-andalucia.es/eco/agenda/incorporaDocumentoConfirmar.do;;11;UTF-8;1;0;PTLECASTILLA2
1291299524441;658;/eco/incorporaDoc;200;OK;Grupo de Hilos 1-1;text;true;;315230;1;1;http://prueba.eco.i-administracion.junta-andalucia.es/eco/agenda/tr_incorpora_documentos.jsp;;386;ISO-8859-1;1;0;PTLECASTILLA2
1291299525100;210;/eco/agenda/tr_incorpora_documentos.jsp;200;OK;Grupo de Hilos 1-1;text;true;;315230;1;1;http://prueba.eco.i-administracion.junta-andalucia.es/eco/agenda/tr_incorpora_documentos.jsp;;13;ISO-8859-1;1;0;PTLECASTILLA2
1291299525311;25;/eco/agenda/tr_resultado_incorporar.jsp;200;OK;Grupo de Hilos 1-1;text;false;;2604;1;1;http://prueba.eco.i-administracion.junta-andalucia.es/eco/agenda/tr_resultado_incorporar.jsp;;13;ISO-8859-1;1;1;PTLECASTILLA2
1291299525337;111;/eco/agenda/verExpediente.do;200;OK;Grupo de Hilos 1-1;text;true;;2265;1;1;http://prueba.eco.i-administracion.junta-andalucia.es/eco/agenda/verExpediente.do;;111;UTF-8;1;0;PTLECASTILLA2
1291299525450;32;/eco/agenda/listarEstadosExpediente.do;200;OK;Grupo de Hilos 1-1;text;true;;1532;1;1;http://prueba.eco.i-administracion.junta-andalucia.es/eco/agenda/listarEstadosExpediente.do;;21;UTF-8;1;0;PTLECASTILLA2
1291299525482;49;/eco/agenda/tr_funciones.jsp;200;OK;Grupo de Hilos 1-1;text;true;;5017;1;1;http://prueba.eco.i-administracion.junta-andalucia.es/eco/agenda/tr_funciones.jsp;;11;UTF-8;1;0;PTLECASTILLA2
1291299525531;103;/eco/agenda/listarTransicionesExpediente.do;200;OK;Grupo de Hilos 1-1;text;true;;6039;1;1;http://prueba.eco.i-administracion.junta-andalucia.es/eco/agenda/tr_expediente_tramita.jsp;;37;UTF-8;1;0;PTLECASTILLA2
1291299525634;61;/eco/agenda/tr_expediente_tramita.jsp;200;OK;Grupo de Hilos 1-1;text;true;;6039;1;1;http://prueba.eco.i-administracion.junta-andalucia.es/eco/agenda/tr_expediente_tramita.jsp;;11;UTF-8;1;0;PTLECASTILLA2
1291299525696;41;/eco/agenda/listarTareas.do;200;OK;Grupo de Hilos 1-1;text;true;;1068;1;1;http://prueba.eco.i-administracion.junta-andalucia.es/eco/agenda/listarTareas.do;;20;UTF-8;1;0;PTLECASTILLA2
1291299525737;51;/eco/agenda/listarDocumentosPermitidos.do;200;OK;Grupo de Hilos 1-1;text;true;;3735;1;1;http://prueba.eco.i-administracion.junta-andalucia.es/eco/agenda/listarDocumentosPermitidos.do;;21;UTF-8;1;0;PTLECASTILLA2
1291299525789;62;/eco/agenda/tr_otras_informaciones.jsp;200;OK;Grupo de Hilos 1-1;text;true;;5928;1;1;http://prueba.eco.i-administracion.junta-andalucia.es/eco/agenda/tr_otras_informaciones.jsp;;11;UTF-8;1;0;PTLECASTILLA2
1291299525852;29;/eco/agenda/listarPestanyas.do;200;OK;Grupo de Hilos 1-1;text;true;;2304;1;1;http://prueba.eco.i-administracion.junta-andalucia.es/eco/agenda/listarPestanyas.do;;17;UTF-8;1;0;PTLECASTILLA2
1291299525882;105;/eco/agenda/listarDocumentos.do;200;OK;Grupo de Hilos 1-1;text;true;;8758;1;1;http://prueba.eco.i-administracion.junta-andalucia.es/eco/agenda/listarDocumentos.do;;28;UTF-8;1;0;PTLECASTILLA2
1291299525987;10;/eco/agenda/tr_error.jsp;200;OK;Grupo de Hilos 1-1;text;true;;4;1;1;http://prueba.eco.i-administracion.junta-andalucia.es/eco/agenda/tr_error.jsp;;10;UTF-8;1;0;PTLECASTILLA2
1291299525997;18;/eco/agenda/listarAvisosCondiciones.do;200;OK;Grupo de Hilos 1-1;text;true;;0;1;1;http://prueba.eco.i-administracion.junta-andalucia.es/eco/agenda/listarAvisosCondiciones.do;;18;UTF-8;1;0;PTLECASTILLA2
1291299526015;10;/eco/agenda/tr_error.jsp;200;OK;Grupo de Hilos 1-1;text;true;;4;1;1;http://prueba.eco.i-administracion.junta-andalucia.es/eco/agenda/tr_error.jsp;;10;UTF-8;1;0;PTLECASTILLA2
1291299526026;159;/eco/agenda/tramita.do;200;OK;Grupo de Hilos 1-1;text;true;;0;1;1;http://prueba.eco.i-administracion.junta-andalucia.es/eco/agenda/tramita.do;;159;UTF-8;1;0;PTLECASTILLA2
1291299526186;36;/eco/agenda/listarEstadosExpediente.do;200;OK;Grupo de Hilos 1-1;text;true;;1558;1;1;http://prueba.eco.i-administracion.junta-andalucia.es/eco/agenda/listarEstadosExpediente.do;;23;UTF-8;1;0;PTLECASTILLA2
1291299526222;95;/eco/agenda/listarTransicionesExpediente.do;200;OK;Grupo de Hilos 1-1;text;true;;1587;1;1;http://prueba.eco.i-administracion.junta-andalucia.es/eco/agenda/tr_expediente_tramita.jsp;;50;UTF-8;1;0;PTLECASTILLA2
1291299526318;45;/eco/agenda/tr_expediente_tramita.jsp;200;OK;Grupo de Hilos 1-1;text;true;;1587;1;1;http://prueba.eco.i-administracion.junta-andalucia.es/eco/agenda/tr_expediente_tramita.jsp;;12;UTF-8;1;0;PTLECASTILLA2
1291299526411;46;/eco/agenda/listarTareas.do;200;OK;Grupo de Hilos 1-1;text;true;;1068;1;1;http://prueba.eco.i-administracion.junta-andalucia.es/eco/agenda/listarTareas.do;;24;UTF-8;1;0;PTLECASTILLA2
1291299526457;37;/eco/agenda/listarDocumentosPermitidos.do;200;OK;Grupo de Hilos 1-1;text;true;;911;1;1;http://prueba.eco.i-administracion.junta-andalucia.es/eco/agenda/listarDocumentosPermitidos.do;;18;UTF-8;1;0;PTLECASTILLA2
1291299526494;10;/eco/agenda/tr_error.jsp;200;OK;Grupo de Hilos 1-1;text;true;;4;1;1;http://prueba.eco.i-administracion.junta-andalucia.es/eco/agenda/tr_error.jsp;;10;UTF-8;1;0;PTLECASTILLA2
1291299526504;40;/eco/salir.do;200;OK;Grupo de Hilos 1-1;text;true;;33406;1;1;http://prueba.eco.i-administracion.junta-andalucia.es/eco/salir.do;;14;UTF-8;1;0;PTLECASTILLA2
1291299526545;38;/eco/;200;OK;Grupo de Hilos 1-1;text;true;;39044;1;1;http://prueba.eco.i-administracion.junta-andalucia.es/eco/;;12;UTF-8;1;0;PTLECASTILLA2
1291299526584;95;/eco/admin/cargaInicialXML.do;200;OK;Grupo de Hilos 1-1;text;false;;6154;1;1;http://prueba.eco.i-administracion.junta-andalucia.es/eco/admin/cargaInicialXML.do;;46;UTF-8;1;1;PTLECASTILLA2
1291299526679;1489;/eco/inicioUsuarioPassword.do;200;OK;Grupo de Hilos 1-1;text;true;;1159158;1;1;http://prueba.eco.i-administracion.junta-andalucia.es/eco/inicioUsuarioPassword.do;;13;UTF-8;1;0;PTLECASTILLA2
1291299528168;13;/eco/eco_acceso_usu_cont_contenido.jsp;200;OK;Grupo de Hilos 1-1;text;true;;2849;1;1;http://prueba.eco.i-administracion.junta-andalucia.es/eco/eco_acceso_usu_cont_contenido.jsp;;13;UTF-8;1;0;PTLECASTILLA2
1291299528181;367;/eco/validarLogin.do;200;OK;Grupo de Hilos 1-1;text;true;;75648;1;1;http://prueba.eco.i-administracion.junta-andalucia.es/eco/validarLogin.do;;284;UTF-8;1;0;PTLECASTILLA2
1291299528548;1191;/eco/inicioComunica.do;200;OK;Grupo de Hilos 1-1;text;true;;1300626;1;1;http://prueba.eco.i-administracion.junta-andalucia.es/eco/inicioComunica.do;;25;UTF-8;1;0;PTLECASTILLA2
1291299529739;90;/eco/eco_cabecera.jsp;200;OK;Grupo de Hilos 1-1;text;true;;16069;1;1;http://prueba.eco.i-administracion.junta-andalucia.es/eco/eco_cabecera.jsp;;12;UTF-8;1;0;PTLECASTILLA2
1291299529829;66;/eco/eco_principal.jsp;200;OK;Grupo de Hilos 1-1;text;true;;3264;1;1;http://prueba.eco.i-administracion.junta-andalucia.es/eco/eco_principal.jsp;;12;UTF-8;1;0;PTLECASTILLA2
1291299529896;90;/eco/eco_principal_botonera.jsp;200;OK;Grupo de Hilos 1-1;text;true;;17161;1;1;http://prueba.eco.i-administracion.junta-andalucia.es/eco/eco_principal_botonera.jsp;;13;UTF-8;1;0;PTLECASTILLA2
1291299529986;11;/eco/eco_comunicaciones_contenido.jsp;200;OK;Grupo de Hilos 1-1;text;true;;509;1;1;http://prueba.eco.i-administracion.junta-andalucia.es/eco/eco_comunicaciones_contenido.jsp;;11;UTF-8;1;0;PTLECASTILLA2
1291299529997;59;/eco/organismosSupervisor.do;200;OK;Grupo de Hilos 1-1;text;true;;7015;1;1;http://prueba.eco.i-administracion.junta-andalucia.es/eco/organismosSupervisor.do;;16;UTF-8;1;0;PTLECASTILLA2
1291299530056;12;/eco/rellenarCamposTransitorios.do;200;OK;Grupo de Hilos 1-1;text;true;;0;1;1;http://prueba.eco.i-administracion.junta-andalucia.es/eco/rellenarCamposTransitorios.do;;12;UTF-8;1;0;PTLECASTILLA2
1291299530068;476;/eco/cargarBandejaEntrada.do;200;OK;Grupo de Hilos 1-1;text;true;;38585;1;1;http://prueba.eco.i-administracion.junta-andalucia.es/eco/cargarBandejaEntrada.do;;308;UTF-8;1;0;PTLECASTILLA2
1291299530544;112;/eco/altaExpedienteProc.do;200;OK;Grupo de Hilos 1-1;text;true;;9229;1;1;http://prueba.eco.i-administracion.junta-andalucia.es/eco/altaExpedienteProc.do;;75;UTF-8;1;0;PTLECASTILLA2
1291299530656;161;/eco/altaExpediente.do;200;OK;Grupo de Hilos 1-1;text;true;;20617;1;1;http://prueba.eco.i-administracion.junta-andalucia.es/eco/altaExpediente.do;;36;UTF-8;1;0;PTLECASTILLA2
1291299530817;281;/eco/cargarArbolOrgExterno.do;200;OK;Grupo de Hilos 1-1;text;true;;20198;1;1;http://prueba.eco.i-administracion.junta-andalucia.es/eco/cargarArbolOrgExterno.do;;219;UTF-8;1;0;PTLECASTILLA2
1291299531099;15;/eco/cargarBusquedaRapida.do;200;OK;Grupo de Hilos 1-1;text;true;;4633;1;1;http://prueba.eco.i-administracion.junta-andalucia.es/eco/cargarBusquedaRapida.do;;15;UTF-8;1;0;PTLECASTILLA2
1291299531115;194;/eco/altaExpedienteFin.do;200;OK;Grupo de Hilos 1-1;text;true;;35494;1;1;http://prueba.eco.i-administracion.junta-andalucia.es/eco/altaExpedienteFin.do;;150;UTF-8;1;0;PTLECASTILLA2
1291299531309;0;Debug Sampler;;;Grupo de Hilos 1-1;text;true;;622;1;1;null;;0;windows-1252;1;0;PTLECASTILLA2
1291299531309;15;/eco/enlaceStruts.do;200;OK;Grupo de Hilos 1-1;text;true;;1619;1;1;http://prueba.eco.i-administracion.junta-andalucia.es/eco/enlaceStruts.do;;15;UTF-8;1;0;PTLECASTILLA2
1291299531325;195;/eco/agenda/verExpediente.do;200;OK;Grupo de Hilos 1-1;text;true;;2265;1;1;http://prueba.eco.i-administracion.junta-andalucia.es/eco/agenda/verExpediente.do;;195;UTF-8;1;0;PTLECASTILLA2
1291299531522;36;/eco/agenda/listarEstadosExpediente.do;200;OK;Grupo de Hilos 1-1;text;true;;1532;1;1;http://prueba.eco.i-administracion.junta-andalucia.es/eco/agenda/listarEstadosExpediente.do;;26;UTF-8;1;0;PTLECASTILLA2
1291299531558;46;/eco/agenda/tr_funciones.jsp;200;OK;Grupo de Hilos 1-1;text;true;;5017;1;1;http://prueba.eco.i-administracion.junta-andalucia.es/eco/agenda/tr_funciones.jsp;;12;UTF-8;1;0;PTLECASTILLA2
1291299531604;108;/eco/agenda/listarTransicionesExpediente.do;200;OK;Grupo de Hilos 1-1;text;true;;5027;1;1;http://prueba.eco.i-administracion.junta-andalucia.es/eco/agenda/tr_expediente_tramita.jsp;;39;UTF-8;1;0;PTLECASTILLA2
1291299531712;61;/eco/agenda/tr_expediente_tramita.jsp;200;OK;Grupo de Hilos 1-1;text;true;;5027;1;1;http://prueba.eco.i-administracion.junta-andalucia.es/eco/agenda/tr_expediente_tramita.jsp;;11;UTF-8;1;0;PTLECASTILLA2
1291299531773;44;/eco/agenda/listarTareas.do;200;OK;Grupo de Hilos 1-1;text;true;;1068;1;1;http://prueba.eco.i-administracion.junta-andalucia.es/eco/agenda/listarTareas.do;;22;UTF-8;1;0;PTLECASTILLA2
1291299531818;60;/eco/agenda/listarDocumentosPermitidos.do;200;OK;Grupo de Hilos 1-1;text;true;;3735;1;1;http://prueba.eco.i-administracion.junta-andalucia.es/eco/agenda/listarDocumentosPermitidos.do;;29;UTF-8;1;0;PTLECASTILLA2
1291299531879;78;/eco/agenda/listarAvisos.do;200;OK;Grupo de Hilos 1-1;text;true;;5928;1;1;http://prueba.eco.i-administracion.junta-andalucia.es/eco/agenda/listarAvisos.do;;36;UTF-8;1;0;PTLECASTILLA2
1291299531957;28;/eco/agenda/listarPestanyas.do;200;OK;Grupo de Hilos 1-1;text;true;;2304;1;1;http://prueba.eco.i-administracion.junta-andalucia.es/eco/agenda/listarPestanyas.do;;17;UTF-8;1;0;PTLECASTILLA2
1291299531986;39;/eco/agenda/listarDocumentos.do;200;OK;Grupo de Hilos 1-1;text;true;;1520;1;1;http://prueba.eco.i-administracion.junta-andalucia.es/eco/agenda/listarDocumentos.do;;19;UTF-8;1;0;PTLECASTILLA2
1291299532026;38;/eco/agenda/tr_navegacion.jsp;200;OK;Grupo de Hilos 1-1;text;true;;2880;1;1;http://prueba.eco.i-administracion.junta-andalucia.es/eco/agenda/tr_navegacion.jsp;;13;UTF-8;1;0;PTLECASTILLA2
1291299532065;11;/eco/agenda/tr_error.jsp;200;OK;Grupo de Hilos 1-1;text;true;;4;1;1;http://prueba.eco.i-administracion.junta-andalucia.es/eco/agenda/tr_error.jsp;;11;UTF-8;1;0;PTLECASTILLA2
1291299532076;13;/eco/agenda/mostrarToolTip.do;200;OK;Grupo de Hilos 1-1;text;true;;1413;1;1;http://prueba.eco.i-administracion.junta-andalucia.es/eco/agenda/mostrarToolTip.do;;13;UTF-8;1;0;PTLECASTILLA2
1291299532090;13;/eco/agenda/mostrarToolTip.do;200;OK;Grupo de Hilos 1-1;text;true;;1409;1;1;http://prueba.eco.i-administracion.junta-andalucia.es/eco/agenda/mostrarToolTip.do;;13;UTF-8;1;0;PTLECASTILLA2
1291299532103;11;/eco/agenda/tr_error.jsp;200;OK;Grupo de Hilos 1-1;text;true;;4;1;1;http://prueba.eco.i-administracion.junta-andalucia.es/eco/agenda/tr_error.jsp;;11;UTF-8;1;0;PTLECASTILLA2
1291299532114;11;/eco/agenda/tr_error.jsp;200;OK;Grupo de Hilos 1-1;text;true;;4;1;1;http://prueba.eco.i-administracion.junta-andalucia.es/eco/agenda/tr_error.jsp;;11;UTF-8;1;0;PTLECASTILLA2
1291299532125;12;/eco/agenda/incorporaDocumento.do;200;OK;Grupo de Hilos 1-1;text;true;;387;1;1;http://prueba.eco.i-administracion.junta-andalucia.es/eco/agenda/incorporaDocumento.do;;12;ISO-8859-1;1;0;PTLECASTILLA2
1291299532137;197;/eco/agenda/tr_incorpora_documentos.jsp;200;OK;Grupo de Hilos 1-1;text;true;;315230;1;1;http://prueba.eco.i-administracion.junta-andalucia.es/eco/agenda/tr_incorpora_documentos.jsp;;13;ISO-8859-1;1;0;PTLECASTILLA2
1291299532334;10;/eco/agenda/tr_error.jsp;200;OK;Grupo de Hilos 1-1;text;true;;4;1;1;http://prueba.eco.i-administracion.junta-andalucia.es/eco/agenda/tr_error.jsp;;10;UTF-8;1;0;PTLECASTILLA2
1291299532345;11;/eco/agenda/incorporaDocumentoConfirmar.do;200;OK;Grupo de Hilos 1-1;text;true;;0;1;1;http://prueba.eco.i-administracion.junta-andalucia.es/eco/agenda/incorporaDocumentoConfirmar.do;;11;UTF-8;1;0;PTLECASTILLA2
1291299532357;470;/eco/incorporaDoc;200;OK;Grupo de Hilos 1-1;text;true;;315230;1;1;http://prueba.eco.i-administracion.junta-andalucia.es/eco/agenda/tr_incorpora_documentos.jsp;;261;ISO-8859-1;1;0;PTLECASTILLA2
1291299532828;191;/eco/agenda/tr_incorpora_documentos.jsp;200;OK;Grupo de Hilos 1-1;text;true;;315230;1;1;http://prueba.eco.i-administracion.junta-andalucia.es/eco/agenda/tr_incorpora_documentos.jsp;;12;ISO-8859-1;1;0;PTLECASTILLA2
1291299533020;22;/eco/agenda/tr_resultado_incorporar.jsp;200;OK;Grupo de Hilos 1-1;text;false;;2604;1;1;http://prueba.eco.i-administracion.junta-andalucia.es/eco/agenda/tr_resultado_incorporar.jsp;;11;ISO-8859-1;1;1;PTLECASTILLA2
1291299533043;119;/eco/agenda/verExpediente.do;200;OK;Grupo de Hilos 1-1;text;true;;2265;1;1;http://prueba.eco.i-administracion.junta-andalucia.es/eco/agenda/verExpediente.do;;119;UTF-8;1;0;PTLECASTILLA2
1291299533164;31;/eco/agenda/listarEstadosExpediente.do;200;OK;Grupo de Hilos 1-1;text;true;;1532;1;1;http://prueba.eco.i-administracion.junta-andalucia.es/eco/agenda/listarEstadosExpediente.do;;20;UTF-8;1;0;PTLECASTILLA2
1291299533195;45;/eco/agenda/tr_funciones.jsp;200;OK;Grupo de Hilos 1-1;text;true;;5017;1;1;http://prueba.eco.i-administracion.junta-andalucia.es/eco/agenda/tr_funciones.jsp;;10;UTF-8;1;0;PTLECASTILLA2
1291299533240;103;/eco/agenda/listarTransicionesExpediente.do;200;OK;Grupo de Hilos 1-1;text;true;;6039;1;1;http://prueba.eco.i-administracion.junta-andalucia.es/eco/agenda/tr_expediente_tramita.jsp;;37;UTF-8;1;0;PTLECASTILLA2
1291299533343;61;/eco/agenda/tr_expediente_tramita.jsp;200;OK;Grupo de Hilos 1-1;text;true;;6039;1;1;http://prueba.eco.i-administracion.junta-andalucia.es/eco/agenda/tr_expediente_tramita.jsp;;11;UTF-8;1;0;PTLECASTILLA2
1291299533404;43;/eco/agenda/listarTareas.do;200;OK;Grupo de Hilos 1-1;text;true;;1068;1;1;http://prueba.eco.i-administracion.junta-andalucia.es/eco/agenda/listarTareas.do;;22;UTF-8;1;0;PTLECASTILLA2
1291299533447;54;/eco/agenda/listarDocumentosPermitidos.do;200;OK;Grupo de Hilos 1-1;text;true;;3735;1;1;http://prueba.eco.i-administracion.junta-andalucia.es/eco/agenda/listarDocumentosPermitidos.do;;22;UTF-8;1;0;PTLECASTILLA2
1291299533501;54;/eco/agenda/tr_otras_informaciones.jsp;200;OK;Grupo de Hilos 1-1;text;true;;5928;1;1;http://prueba.eco.i-administracion.junta-andalucia.es/eco/agenda/tr_otras_informaciones.jsp;;11;UTF-8;1;0;PTLECASTILLA2
1291299533555;28;/eco/agenda/listarPestanyas.do;200;OK;Grupo de Hilos 1-1;text;true;;2304;1;1;http://prueba.eco.i-administracion.junta-andalucia.es/eco/agenda/listarPestanyas.do;;17;UTF-8;1;0;PTLECASTILLA2
1291299533583;132;/eco/agenda/listarDocumentos.do;200;OK;Grupo de Hilos 1-1;text;true;;8758;1;1;http://prueba.eco.i-administracion.junta-andalucia.es/eco/agenda/listarDocumentos.do;;50;UTF-8;1;0;PTLECASTILLA2
1291299533716;9;/eco/agenda/tr_error.jsp;200;OK;Grupo de Hilos 1-1;text;true;;4;1;1;http://prueba.eco.i-administracion.junta-andalucia.es/eco/agenda/tr_error.jsp;;9;UTF-8;1;0;PTLECASTILLA2
1291299533726;17;/eco/agenda/listarAvisosCondiciones.do;200;OK;Grupo de Hilos 1-1;text;true;;0;1;1;http://prueba.eco.i-administracion.junta-andalucia.es/eco/agenda/listarAvisosCondiciones.do;;17;UTF-8;1;0;PTLECASTILLA2
1291299533744;9;/eco/agenda/tr_error.jsp;200;OK;Grupo de Hilos 1-1;text;true;;4;1;1;http://prueba.eco.i-administracion.junta-andalucia.es/eco/agenda/tr_error.jsp;;9;UTF-8;1;0;PTLECASTILLA2
1291299533753;165;/eco/agenda/tramita.do;200;OK;Grupo de Hilos 1-1;text;true;;0;1;1;http://prueba.eco.i-administracion.junta-andalucia.es/eco/agenda/tramita.do;;165;UTF-8;1;0;PTLECASTILLA2
1291299533919;37;/eco/agenda/listarEstadosExpediente.do;200;OK;Grupo de Hilos 1-1;text;true;;1558;1;1;http://prueba.eco.i-administracion.junta-andalucia.es/eco/agenda/listarEstadosExpediente.do;;23;UTF-8;1;0;PTLECASTILLA2
1291299533957;96;/eco/agenda/listarTransicionesExpediente.do;200;OK;Grupo de Hilos 1-1;text;true;;1587;1;1;http://prueba.eco.i-administracion.junta-andalucia.es/eco/agenda/tr_expediente_tramita.jsp;;50;UTF-8;1;0;PTLECASTILLA2
1291299534054;41;/eco/agenda/tr_expediente_tramita.jsp;200;OK;Grupo de Hilos 1-1;text;true;;1587;1;1;http://prueba.eco.i-administracion.junta-andalucia.es/eco/agenda/tr_expediente_tramita.jsp;;11;UTF-8;1;0;PTLECASTILLA2
1291299534095;40;/eco/agenda/listarTareas.do;200;OK;Grupo de Hilos 1-1;text;true;;1068;1;1;http://prueba.eco.i-administracion.junta-andalucia.es/eco/agenda/listarTareas.do;;20;UTF-8;1;0;PTLECASTILLA2
